section,emplid,borough,weather,pokemon_name,combat_power_CP,hit_points_HP,weight_kg,type_1,type_2,height_m,location_caught
1EG,13155987,Brooklyn,Rainy,Joltik,42,23,0.23,Bug,Electric,0.08,"Brooklyn, NY, USA"
1EG,13155987,Brooklyn,Rainy,Stufful,242,64,6.25,Normal,Fighting ,0.47,"Brooklyn, NY, USA"
1EG,13155987,Brooklyn,Rainy,Seedot,10,11,4.3.,Grass,N/A,0.54,"Brooklyn, NY, USA"
1EG,13155987,Brooklyn,Rainy,Voltorb,86,32,13.69,Grass,Grass,0.5,"Brooklyn, NY, USA"
1EG,13155987,Brooklyn,Rainy,Tentacool,187,44,49.67,Water,Poison,0.89,"Brooklyn, NY, USA"
1EG,13155987,Brooklyn,Rainy,Machop,290,73,22.04,Fighting ,N/A,0.86,"Brooklyn, NY, USA"
1EG,13155987,Brooklyn,Rainy,Dedenne,279,56,2.38,Electric,Fairy ,0.19,"Brooklyn, NY, USA"
1EG,13155987,Brooklyn,Rainy,Inkay ,11,14,3.16,Dark,Psychic,0.4,"Brooklyn, NY, USA"
1EG,13155987,Brooklyn,Rainy,Makuhita,116,57,69.21,Fighting ,N/A,1,"Brooklyn, NY, USA"
1EG,13155987,Brooklyn,Rainy,Ekans,239,50,4.64,Poison,N/A,1.73,"Brooklyn, NY, USA"
1EG,13155987,Brooklyn,Rainy,Chikorita,85,34,4.02,Grass,N/A,0.77,"Brooklyn, NY, USA"
1EG,13155987,Brooklyn,Rainy,Cyndaquil,115,34,5.96,Fire,N/A,0.48,"Brooklyn, NY, USA"
1EG,13155987,Brooklyn,Rainy,Magikarp,15,19,10.67,Water,N/A,0.96,"Brooklyn, NY, USA"
1EG,13155987,Brooklyn,Rainy,Sentret,59,30,11.04,Normal,N/A,1.02,"Brooklyn, NY, USA"
1EG,13155987,Brooklyn,Rainy,Totodile,322,66,6.07,Water,N/A,0.54,"Brooklyn, NY, USA"
1EG,13155987,Brooklyn,Rainy,Dewpider,28,20,4.04,Bug,Water,0.3,"New York, NY, USA"
1EG,13155987,Manhattan,Cloudy,Nidoran ,116,49,8.75,Poison,N/A,0.43,"New York, NY, USA"
1EG,13155987,Manhattan,Cloudy,Sewadle,149,45,1.21,Bug,Grass,0.26,"New York, NY, USA"
1EG,13155987,Manhattan,Cloudy,Throh,410,86,53.24,Fighting ,N/A,1.3,"New York, NY, USA"
1EG,13155987,Manhattan,Cloudy,Shroomish,127,53,3.55,Grass,N/A,0.36,"New York, NY, USA"
1EG,13155987,Bronx,Rainy,Wooper,172,66,5.97,Water ,Ground,0.32,"New York, NY, USA"
1EG,13155987,Bronx,Cloudy,Bellsprout,346,70,2.98,Grass,Poison,0.69,"New York, NY, USA"
1EG,13155987,Bronx,Rainy,Wimpod ,118,38,14.41,Bug,Water,0.51,"New York, NY, USA"
1EG,13155987,Bronx,Rainy,Diglett,46,17,1.05,Ground,N/A,0.23,"New York, NY, USA"
1EG,13155987,Bronx,Rainy,Mareep,169,52,7.07,Electric,N/A,0.59,"New York, NY, USA"
1EG,13155987,Bronx,Rainy,Wooper,172,66,5.97,Water,Ground,0.32,"New York, NY, USA"
1EG,13155987,Bronx,Cloudy,Charmander,12,12,8.5,Fire,N/A,0.62,"New York, NY, USA"
1EG,13155987,Brooklyn,Cloudy,Croagunk,169,51,19.98,Poison,Fighting ,0.63,"New York, NY, USA"
1EG,13155987,Brooklyn,Cloudy,Starly,26,21,2.45,Normal,Flying,0.32,"New York, NY, USA"
1EG,13155987,Brooklyn,Cloudy,Winggull,50,27,10.01,Water,Flying,0.67,"New York, NY, USA"
1EG,13155987,Brooklyn,Rainy,Magnemite,17,10,5.86,Electric,Steel,0.29,"New York, NY, USA"
1EG,13155987,Manhattan,Rainy,Abra,169,29,23.78,Psychic,N/A,1.02,"New York, NY, USA"
1EG,13155987,Manhattan,Rainy,Solosis,334,56,0.35,Psychic,N/A,0.35,"New York, NY, USA"
1EG,13155987,Manhattan,Rainy,Natu,156,41,2.73,Physic,Flying,0.22,"New York, NY, USA"
1EG,13155987,Manhattan,Rainy,Stunky,102,42,18.19,Poison,Dark,0.4,"New York, NY, USA"
1EG,13155987,Manhattan,Rainy,Gothita,212,52,4.66,Psychic,N/A,0.36,"New York, NY, USA"
1EG,13155987,Manhattan,Rainy,Drowzee,152,52,30.9,Psychic,N/A,1.04,"New York, NY, USA"
1EG,13155987,Manhattan,Rainy,Sandshrew,242,52,6.85,Ground,N/A,0.51,"New York, NY, USA"
1EG,13155987,Manhattan,Rainy,Doduo,236,42,63.28,Normal,Flying,1.7,"New York, NY, USA"
1EG,13155987,Manhattan,Rainy,Slowpoke,452,106,44.35,Water,Psychic,1.31,"New York, NY, USA"
1EG,13155987,Manhattan,Rainy,Spoink,207,50,34.1,Psychic,N/A,0.68,"New York, NY, USA"
1EG,13155987,Manhattan,Rainy,Elgyem,16,14,13.08,Psychic,N/A,0.57,"New York, NY, USA"
1EG,13155987,Bronx,Cloudy,Weepindell,20,15,8.52,Grass,Poison,1.12,"New York, NY, USA"
1EG,13155987,Bronx,Cloudy,Grimer,209,62,32.83,Poison,N/A,0.98,"New York, NY, USA"
1EG,13155987,Bronx,Cloudy,Woobat,39,27,2.24,Psychic,Flying,0.42,"New York, NY, USA"
1EG,13155987,Bronx,Cloudy,Ralts,110,42,8.1,Psychic,Fairy ,0.47,"New York, NY, USA"
1EG,13155987,Bronx,Cloudy,Chinchou,41,31,8.99,Water,Electric,0.39,"New York, NY, USA"
1EG,13155987,Bronx,Cloudy,Fearow,435,63,33.31,Normal,Flying,1.03,"New York, NY, USA"
1EG,13155987,Bronx,Cloudy,Kirlia,160,41,19.78,Psychic,Fairy ,0.79,"New York, NY, USA"
1EG,13155987,Manhattan,Cloudy,Bouffalant,768,96,85.04,Normal,N/A,1.59,"New York, NY, USA"
1EG,13155987,Manhattan,Cloudy,Vulpix,54,27,8.28,Fire,N/A,0.61,"New York, NY, USA"
1EG,13155987,Manhattan,Cloudy,Sunkern,10,10,1.19,Grass,N/A,0.28,"New York, NY, USA"
1EG,13155987,Manhattan,Cloudy,Eevee,344,69,3.69,Normal,N/A,0.21,"New York, NY, USA"
1EG,13155987,Manhattan,Cloudy,Munna,366,86,18.63,Psychic,N/A,0.6,"New York, NY, USA"
1EG,13155987,Manhattan,Cloudy,Kadabra,310,42,1.62,Psychic,N/A,1.62,"New York, NY, USA"
1EG,13155987,Manhattan,Cloudy,Cubone,173,49,3.77,Ground,N/A,0.34,"New York, NY, USA"
1EG,23226871,Queens,Rainy,Bulbasaur,14,12,8.51,Grass,Poison,0.77,"New York, NY, United States"
1EG,23226871,Queens,Rainy,Drowzee,12,14,30.54,Psychic,N/A,1.03,"New York, NY, United States"
1EG,23226871,Queens,Rainy,Spoink,58,28,24.92,Psychic,N/A,0.67,"New York, NY, United States"
1EG,23226871,Queens,Rainy,Drowzee,12,14,29,Psychic,N/A,0.86,"New York, NY, United States"
1EG,23226871,Queens,Rainy,Natu,110,33,1.7,Psychic,Flying,0.16,"New York, NY, United States"
1EG,23226871,Queens,Rainy,Elgyem,56,26,8.76,Psychic,N/A,0.5,"New York, NY, United States"
1EG,23226871,Queens,Rainy,Electrike,193,49,11.12,Electric,N/A,0.54,"New York, NY, United States"
1EG,23226871,Queens,Rainy,Drowzee,13,14,31.96,Psychic,N/A,0.98,"New York, NY, United States"
1EG,23226871,Queens,Rainy,Yungoos,107,40,4.79,Normal,N/A,0.38,"New York, NY, United States"
1EG,23226871,Queens,Rainy,Inkay,35,25,2.93,Dark,Psychic,0.36,"New York, NY, United States"
1EG,23226871,Queens,Rainy,Solosis,93,27,0.58,Psychic,N/A,0.23,"New York, NY, United States"
1EG,23226871,Queens,Rainy,Natu,13,11,2.18,Psychic,Flying,0.2,"New York, NY, United States"
1EG,23226871,Queens,Rainy,Spoink,85,34,30.79,Psychic,N/A,0.74,"New York, NY, United States"
1EG,23226871,Queens,Rainy,Drowzee,95,41,35.82,Psychic,N/A,1.03,"New York, NY, United States"
1EG,23226871,Queens,Rainy,Spoink,51,25,36.47,Psychic,N/A,0.73,"New York, NY, United States"
1EG,23226871,Queens,Rainy,Ralts,33,21,5.82,Psychic,Fairy,0.35,"New York, NY, United States"
1EG,23226871,Queens,Rainy,Abra,50,17,30.25,Psychic,N/A,1.1,"New York, NY, United States"
1EG,23226871,Queens,Rainy,Woobat,133,49,2.71,Psychic,Flying,0.46,"New York, NY, United States"
1EG,23226871,Queens,Rainy,Abra,203,32,20.16,Psychic,N/A,0.88,"New York, NY, United States"
1EG,23226871,Queens,Rainy,Woobat,124,49,2.11,Psychic,Flying,0.38,"New York, NY, United States"
1EG,23226871,Queens,Rainy,Abra,55,17,18.77,Psychic,N/A,0.89,"New York, NY, United States"
1EG,23226871,Queens,Rainy,Slowpoke,272,81,29.98,Water,Psychic,1.1,"New York, NY, United States"
1EG,23226871,Queens,Rainy,Inkay,82,36,4.57,Dark,Psychic,0.43,"New York, NY, United States"
1EG,23226871,Queens,Rainy,Spoink,194,53,17.23,Psychic,N/A,0.58,"New York, NY, United States"
1EG,23226871,Queens,Rainy,Munna,44,30,22.45,Psychic,N/A,0.57,"New York, NY, United States"
1EG,23226871,Queens,Rainy,Hoppip,68,34,0.38,Grass,Flying,0.33,"New York, NY, United States"
4PS,23237005,Queens,Sunny,Zigzagoon,18,19,15.44,Normal,N/A`,0.36,"New York, NY, United States"
4PS,23237005,Queens,Sunny,Solrock,347,69,168.97,Rock,Psychic,1.29,"New York, NY, United States"
4PS,23237005,Queens,Sunny,Froakie,96,31,6.06,Water,N/A,0.29,"New York, NY, United States"
4PS,23237005,Queens,Sunny,Staravia,15,13,18.43,Normal,Flying,0.63,"New York, NY, United States"
4PS,23237005,Queens,Sunny,Lillipup,83,34,3.91,Normal,N/A,0.39,"New York, NY, United States"
4PS,23237005,Queens,Sunny,Nidoran,34,24,6.88,Poison,N/A,0.45,"New York, NY, United States"
4PS,23237005,Queens,Sunny,Pidove,59,31,1.82,Normal,Flying,0.28,"New York, NY, United States"
4PS,23237005,Queens,Sunny,Panpour,123,42,12.12,Water,N/A,0.57,"New York, NY, United States"
4PS,23237005,Queens,Sunny,Solrock,160,45,171.11,Rock,Psychic,1.21,"New York, NY, United States"
4PS,23237005,Queens,Sunny,Lillipup,89,34,4.77,Normal,N/A,0.37,"New York, NY, United States"
4PS,23237005,Queens,Sunny,Makuhita,10,17,82.15,Fighting,N/A,0.97,"New York, NY, United States"
4PS,23237005,Queens,Sunny,Koffing,48,20,0.5,Poison,N/A,0.55,"New York, NY, United States"
4PS,23237005,Queens,Sunny,Machop,86,38,19.2,Fighting,N/A,0.83,"New York, NY, United States"
4PS,23237005,Queens,Sunny,Grovyle,316,52,18.4,Grass,N/A,0.77,"New York, NY, United States"
4PS,23237005,Queens,Sunny,Charmander,12,12,6.47,Fire,N/A,0.49,"New York, NY, United States"
2PS,23435359,Manhattan,Cloudy,Spoink,174,48,25.17,Psychic,N/A,0.59,"New York, NY, United States"
2PS,23435359,Manhattan,Cloudy,Drowzee,14,14,40.07,Psychic,N/A,1.1,"New York, NY, United States"
2PS,23435359,Manhattan,Cloudy,Ducklett,10,15,5.61,Water,Flying,0.53,"New York, NY, United States"
2PS,23435359,Manhattan,Cloudy,Solosis,55,22,1.23,Psychic,N/A,0.35,"New York, NY, United States"
2PS,23435359,Manhattan,Cloudy,Abra,17,10,15.54,Psychic,N/A,0.89,"New York, NY, United States"
2PS,23435359,Manhattan,Cloudy,Drowzee,114,46,36.24,Psychic,N/A,1,"New York, NY, United States"
2PS,23435359,Manhattan,Cloudy,Ralts,10,10,7.06,Psychic,Fairy,0.39,"New York, NY, United States"
2PS,23435359,Manhattan,Cloudy,Ralts,45,27,5.42,Psychic,Fairy,0.36,"New York, NY, United States"
2PS,23435359,Manhattan,Cloudy,Solosis,162,37,1.05,Psychic,N/A,0.3,"New York, NY, United States"
2PS,23435359,Manhattan,Cloudy,Drowzee,12,15,26.39,Psychic,N/A,0.83,"New York, NY, United States"
2PS,23435359,Manhattan,Cloudy,Munna,15,17,31.02,Psychic,N/A,0.68,"New York, NY, United States"
2PS,23435359,Manhattan,Cloudy,Solosis,130,35,1.11,Psychic,N/A,0.29,"New York, NY, United States"
2PS,23435359,Manhattan,Cloudy,Elgyem,131,41,13.68,Psychic,N/A,0.61,"New York, NY, United States"
2PS,23435359,Manhattan,Cloudy,Solosis,136,35,1.23,Psychic,N/A,0.32,"New York, NY, United States"
2PS,23435359,Manhattan,Cloudy,Spoink,133,41,34,Psychic,N/A,0.7,"New York, NY, United States"
2PS,23435359,Manhattan,Cloudy,Natu,72,28,1.32,Psychic,Flying,0.18,"New York, NY, United States"
2PS,23435359,Manhattan,Cloudy,Drowzee,12,15,39.5,Psychic,N/A,1.06,"New York, NY, United States"
2PS,23435359,Manhattan,Cloudy,Drowzee,41,26,32.69,Psychic,N/A,0.97,"New York, NY, United States"
2PS,23435359,Manhattan,Cloudy,Natu,14,11,1.35,Psychic,Flying,0.15,"New York, NY, United States"
2PS,23435359,Manhattan,Cloudy,Abra,90,22,20.74,Psychic,N/A,0.93,"New York, NY, United States"
2PS,23435359,Manhattan,Cloudy,Elgyem,54,24,9.53,Psychic,N/A,0.52,"New York, NY, United States"
2PS,23435359,Manhattan,Cloudy,Elgyem,56,26,7.49,Psychic,N/A,0.49,"New York, NY, United States"
2PS,23435359,Manhattan,Cloudy,Yungoos,32,23,7.48,Normal,N/A,0.44,"New York, NY, United States"
2PS,23435359,Manhattan,Cloudy,Squirtle,12,12,11.48,Water,N/A,0.57,"New York, NY, United States"
2PS,23483905,Long Island,Cloudy(night),Seviper,344,61,42.86,Poison,N/A,2.57,"Elmont,NY, United States"
2PS,23483905,Long Island,Cloudy(night),Charmander,12,12,7.65,Fire,N/A,0.62,"Elmont,NY, United States"
2PS,23483905,Long Island,Cloudy(night),Abra,89,22,20.58,Psychic,N/A,0.96,"Elmont,NY, United States"
2PS,23483905,Long Island,Cloudy(night),Flethchling,54,30,1.5,Normal,Flying,0.32,"Elmont,NY, United States"
2PS,23483905,Long Island,Cloudy(night),Gothita,37,23,7.25,Psychic,N/A,0.48,"Elmont,NY, United States"
2PS,23483905,Long Island,Cloudy(night),Ralts,103,38,7.48,Psychic,Fairy,0.41,"Elmont,NY, United States"
2PS,23483905,Long Island,Cloudy(night),Totodile,44,24,10.54,Water,N/A,0.62,"Elmont,NY, United States"
2PS,23483905,Long Island,Cloudy(night),Woobat,41,28,2.69,Psychic,Flying,0.44,"Elmont,NY, United States"
2PS,23483905,Long Island,Cloudy(night),Voltorb,121,37,14.53,Electric,N/A,0.55,"Elmont,NY, United States"
2PS,23483905,Long Island,Cloudy(night),Ducklett,120,52,8.81,Water,Flying,0.62,"Elmont,NY, United States"
2PS,23483905,Long Island,Cloudy(night),Sewaddle,120,38,1.16,Bug,Grass,0.2,"Elmont,NY, United States"
2PS,23483905,Long Island,Cloudy(night),Mareep,11,14,9.45,Electric,N/A,0.68,"Elmont,NY, United States"
2PS,23483905,Long Island,Cloudy(night),Kirlia,321,58,19.77,Psychic,Fairy,0.78,"Elmont,NY, United States"
2PS,23483905,Long Island,Cloudy(night),Staryu,481,59,26.32,Water,N/A,0.72,"Elmont,NY, United States"
2PS,23483905,Long Island,Cloudy(night),Cosmog,175,69,0.11,Psychic,N/A,0.2,"Elmont,NY, United States"
2PS,23483905,Long Island,Cloudy(night),Tentacool,280,54,25.1,Water,Poison,0.72,"Elmont,NY, United States"
2PS,23483905,Long Island,Cloudy(night),Elgyem,56,26,9.13,Psychic,N/A,0.52,"Elmont,NY, United States"
2PS,23483905,Long Island,Cloudy(night),Munna,102,47,26.81,Psychic,N/A,0.63,"Elmont,NY, United States"
2PS,23483905,Long Island,Cloudy(night),Stufful,252,62,5.02,Normal,Fighting,0.48,"Elmont,NY, United States"
2PS,23483905,Long Island,Cloudy(night),Natu,130,35,2.5,Psychic,Flying,0.22,"Elmont,NY, United States"
2PS,23491228,Bronx,Rain,Bulbasaur,14,12,10.9,Grass ,Poison,0.88,"New York,NY,United States"
2PS,23491228,Bronx,Rain,Turtwig,171,48,8.72,Grass,N/A,0.37,"New York,NY,United States"
2PS,23491228,Bronx,Rain,Woobat ,37,28,2.44,Psychic,Flying,0.44,"New York,NY,United States"
2PS,23491228,Bronx,Rain,Solosis,52,21,1.43,Psychic ,N/A,0.36,"New York,NY,United States"
2PS,23491228,Bronx,Rain,Natu,66,26,2.33,Psychic ,Flying,0.19,"New York,NY,United States"
2PS,23491228,Bronx,Rain,Kadabra,27,11,40.66,Psychic ,N/A,1.22,"New York,NY,United States"
2PS,23491228,Bronx,Rain,Ralts ,78,36,4.8,Psychic ,Fairy,0.31,"New York,NY,United States"
2PS,23491228,Bronx,Rain,Diglett ,24,11,1.04,Ground,N/A,0.22,"New York,NY,United States"
2PS,23491228,Bronx,Rain,Spoink ,17,14,37.62,Psychic,N/A,0.79,"New York,NY,United States"
2PS,23491228,Bronx,Rain,Abra ,16,10,18.12,Psychic ,N/A,0.9,"New York,NY,United States"
2PS,23491228,Bronx,Rain,Elgyem ,167,42,11.5,Psychic,N/A,0.52,"New York,NY,United States"
2PS,23491228,Bronx,Rain,Gothita ,130,44,4.05,Psychic ,N/A,0.37,"New York,NY,United States"
2PS,23491228,Bronx,Rain,Drowzee ,63,34,40.82,Psychic ,N/A,1.1,"New York,NY,United States"
2PS,23491228,Bronx,Rain,Wailmer ,304,107,95.98,Water,N/A,1.52,"New York,NY,United States"
2PS,23491228,Bronx,Rain,Slowpoke,370,98,22.04,Water,Psychic ,1.02,"New York,NY,United States"
2PS,23491228,Bronx,Rain,Yungoos ,129,46,5.91,Normal,N/A,0.37,"New York,NY,United States"
2PS,23491228,Bronx,Rain,Starly ,81,35,2.12,Normal,Flying ,0.31,"New York,NY,United States"
2PS,23607874,Queens,Rainy,Bulbasaur,14,12,5.42,Grass,Poison,0.61,"New York, NY,United States"
2PS,23607874,Queens,Rainy,Sharpedo,418,64,82.9,Water,Dark,1.68,"New York,NY,United States"
2PS,23607874,Queens,Rainy,Vulpix,11,11,7.84,Fire,N/A,0.54,"New York,NY,United States"
2PS,23607874,Queens,Rainy,Wingull,153,49,3.77,Water,Flying,0.5,"New York,NY,United States"
2PS,23607874,Queens,Rainy,Dweeble,192,48,21.3,Bug,Rock,0.36,"New York,NY,United States"
2PS,23607874,Queens,Rainy,Munna,13,17,34.49,Pyschic,N/A,0.7,"New York,NY,United States"
2PS,23607874,Manhattan,Rainy,Abra,126,27,31.92,Pyschic,N/A,1.14,"New York,NY,United States"
2PS,23607874,Manhattan,Rainy,Wimpod,91,36,8.51,Bug,Water,0.49,"New York,NY,United States"
2PS,23607874,Manhattan,Rainy,Drowzee,74,34,50.73,Pyschic,N/A,1.28,"New York,NY,United States"
2PS,23607874,Manhattan,Rainy,Ralts,10,10,11.11,Pyschic,Fairy,0.52,"New York,NY,United States"
2PS,23607874,Manhattan,Rainy,Elgyem,92,34,6.15,Pyschic,N/A,0.5,"New York,NY,United States"
2PS,23607874,Manhattan,Rainy,Natu,43,20,2.79,Pyschic,Flying,0.23,"New York,NY,United States"
4PS,23615216,Brooklyn,Clear (Sunset),Squirtle,12,12,6.81,Water,N/A,0.38,"New York, NY, United States"
4PS,23615216,Brooklyn,Clear (Sunset),Eevee,180,53,5.8,Normal,N/A,0.29,"New York, NY, United States"
4PS,23615216,Brooklyn,Clear (Sunset),Stufful,196,57,6.55,Normal,Fighting,0.5,"New York, NY, United States"
4PS,23615216,Brooklyn,Clear (Sunset),Lillipup,161,47,4.2,Normal,N/A,0.39,"New York, NY, United States"
4PS,23615216,Brooklyn,Clear (Sunset),Bellsprout,68,30,2.89,Grass,Poison,0.61,"New York, NY, United States"
4PS,23615216,Brooklyn,Clear (Sunset),Yanma,140,42,38.2,Bug,Flying,1.22,"New York, NY, United States"
4PS,23615216,Brooklyn,Clear (Sunset),Aipom,246,52,8.01,Normal,N/A,0.72,"New York, NY, United States"
4PS,23615216,Brooklyn,Clear (Sunset),Staravia,222,52,14.95,Normal,Flying,0.63,"New York, NY, United States"
4PS,23615216,Brooklyn,Clear (Sunset),Goldeen,46,21,15.47,Water,N/A,0.65,"New York, NY, United States"
4PS,23615216,Brooklyn,Clear (Sunset),Lillipup,206,54,3.4,Normal,N/A,0.33,"New York, NY, United States"
4PS,23615216,Brooklyn,Clear (Sunset),Krabby,19,10,3.02,Water,N/A,0.29,"New York, NY, United States"
4PS,23615216,Brooklyn,Clear (Sunset),Panpour,35,24,17.63,Water,N/A,0.7,"New York, NY, United States"
4PS,23615216,Brooklyn,Clear (Sunset),Lotad,23,20,1.83,Water,Grass,0.46,"New York, NY, United States"
4PS,23615216,Brooklyn,Clear (Sunset),Starly,200,55,3.12,Normal,Flying,0.34,"New York, NY, United States"
4PS,23615216,Brooklyn,Clear (Sunset),Eevee,281,68,4.82,Nornal,N/A,0.28,"New York, NY, United States"
2PS,23671755,Manhattan,Windy,Squirtle,12,12,6.68,Water,N/A,0.39,"New York, NY, United States"
2PS,23671755,Manhattan,Windy,Abra,54,16,26.89,Psychic,N/A,0.95,"Fort Lee, NJ, United States"
2PS,23671755,Manhattan,Windy,Abra,48,15,19.49,Psychic,N/A,0.97,"Fort Lee, NJ, United States"
2PS,23671755,Manhattan,Windy,Drowzee,100,41,18.09,Psychic,N/A,0.62,"Fort Lee, NJ, United States"
2PS,23671755,Manhattan,Windy,Spoink,50,26,22.7,Psychic,N/A,0.67,"Fort Lee, NJ, United States"
2PS,23671755,Manhattan,Windy,Spoink,54,26,30.72,Psychic,N/A,0.74,"Fort Lee, NJ, United States"
2PS,23671755,Manhattan,Windy,Lanturn,89,47,24.9,Water,Electric,1.18,"Fort Lee, NJ, United States"
2PS,23671755,Manhattan,Windy,Drowzee,41,25,28.89,Psychic,N/A,0.99,"Fort Lee, NJ, United States"
2PS,23671755,Manhattan,Windy,Ralts,108,42,2.49,Psychic,Fairy,0.32,"Fort Lee, NJ, United States"
2PS,23671755,Manhattan,Windy,Vulpix,58,26,12.28,Fire,N/A,0.66,"Fort Lee, NJ, United States"
2PS,23671755,Manhattan,Windy,Seedot,10,11,5.2,Grass,N/A,0.57,"Fort Lee, NJ, United States"
2PS,23671755,Manhattan,Windy,Natu,106,34,2.6,Pyschic,Flying,0.23,"Fort Lee, NJ, United States"
2PS,23671755,Manhattan,Windy,Woobat,64,36,2.44,Psychic,Flying,0.44,"New York, NY, United States"
2PS,23671755,Manhattan,Windy,Elgyem,404,71,12.18,Psychic,N/A,0.56,"Fort Lee, NJ, United States"
2PS,23671755,Manhattan,Windy,Solosis,210,43,1.2,Psychic,N/A,0.34,"Fort Lee, NJ, United States"
2PS,23671755,Manhattan,Windy,Natu,219,46,1.46,Psychic,Flying,0.18,"Fort Lee, NJ, United States"
2PS,23671755,Manhattan,Windy,Solosis,355,56,0.47,Psychic,N/A,0.24,"Fort Lee, NJ, United States"
2PS,23671755,Manhattan,Windy,Weepinbell,283,59,6.32,Grass,Poison,0.99,"Fort Lee, NJ, United States"
2PS,23671755,Manhattan,Windy,Bouffalant,833,100,95.52,Normal,N/A,1.7,"Fort Lee, NJ, United States"
2PS,23671755,Manhattan,Windy,Ralts,82,33,6.77,Psychic,Fairy,0.41,"Fort Lee, NJ, United States"
2PS,23671755,Manhattan,Windy,Spoink,466,75,22.18,Psychic,N/A,0.54,"Fort Lee, NJ, United States"
2PS,23671755,Manhattan,Windy,Sentret,119,45,3.04,Normal,N/A,0.61,"Fort Lee, NJ, United States"
2PS,23671755,Manhattan,Windy,Spoink,457,81,39.48,Psychic,N/A,0.67,"Fort Lee, NJ, United States"
2PS,23671755,Manhattan,Windy,Sandshrew,334,62,10.25,Ground,N/A,0.57,"Fort Lee, NJ, United States"
2PS,23671755,Manhattan,Windy,Bouffalant,920,106,100.15,Normal,N/A,1.59,"Fort Lee, NJ, United States"
2PS,23688802,staten Island,cloudy,charmander,12,12,8.5,fire,N/A,,"Richmond,NY"
2PS,23688802,staten Island,cloudy,Drowzee,68,10,34.39,psychic,N/A,,"Richmond,NY"
2PS,23688802,staten Island,cloudy,krabby,19,10,6.5,water,N/A,0.4,"Richmond,NY"
2PS,23688802,staten Island,cloudy,hoppip,78,36,0.5,grass,flying,0.4,"Richmond,NY"
2PS,23688802,staten Island,cloudy,sunkern,93,45,1.8,grass,N/A,0.3,"Richmond,NY"
2PS,23688802,staten Island,cloudy,snubbull,366,75,7.8,fairy,N/A,0.6,"Richmond,NY"
2PS,23688802,staten Island,cloudy,zigzagoon,10,18,17.5,normal,N/A,0.4,"Richmond,NY"
2PS,23688802,staten Island,cloudy,combee,89,30,5.5,bug,flying,0.3,"Richmond,NY"
2PS,23688802,staten Island,cloudy,glameow,63,33,3.9,normal,N/A,0.5,"Richmond,NY"
2PS,23688802,staten Island,cloudy,tympole,167,34,4.5,water,N/A,0.5,"Richmond,NY"
2PS,23688802,staten Island,cloudy,archen,170,80,9.5,rock,flying,0.5,"Richmond,NY"
4PS,23709795,Brooklyn,Sunny,Starly,181,55,1.77,Normal,Flying,0.27,"Fort Lee, NJ, United States "
4PS,23709795,Brooklyn,Sunny,Zigzagoon,16,20,0.36,Normal,N/A,0.36,"Fort Lee, NJ, United States "
4PS,23709795,Brooklyn,Sunny,Drifloon,184,70,1.39,Ghost,flying,0.44,"Fort Lee, NJ, United States "
4PS,23709795,Brooklyn,Sunny,Fletchling,158,51,1.68,Normal,Flying,0.29,"Fort Lee, NJ, United States "
4PS,23709795,Brooklyn,Sunny,Wailmer,63,47,68.57,Water,N/A,1.56,"New York, NY, United States"
4PS,23709795,Brooklyn,Sunny,Koffling,265,48,0.85,Poison,N/A,0.54,"New York, NY, United States"
4PS,23709795,Brooklyn,Sunny,Aipom,55,26,8.6,Normal,N/A,0.66,"New York, NY, United States"
4PS,23709795,Brooklyn,Sunny,Ledyba,10,12,12.41,Bug,Flying,0.99,"New York, NY, United States"
4PS,23709795,Brooklyn,Sunny,Combee,17,17,5.11,Bug,Flying,0.28,"New York, NY, United States"
4PS,23709795,Brooklyn,Sunny,Charmander,12,12,6.46,Fire,N/A,0.56,"New York, NY, United States"
1EG,23710063,Brooklyn,Rainy,Elgyem,17,14,8.6,Psychic,N/A,0.5,"Brooklyn, NY, United States"
1EG,23710063,Brooklyn,Rainy,Elgyem,54,24,9.35,Psychic,N/A,0.45,"Brooklyn, NY, United States"
1EG,23710063,Brooklyn,Rainy,Carvanha,177,51,15.35,Water,Dark,0.68,"Brooklyn, NY, United States"
1EG,23710063,Brooklyn,Rainy,Drowsy,43,27,35.71,Psychic,N/A,1.09,"Brooklyn, NY, United States"
1EG,23710063,Brooklyn,Rainy,Wooper,131`,60,12.66,Water,Ground,0.47,"Brooklyn, NY, United States"
1EG,23710063,Brooklyn,Rainy,Abra,17,10,16.96,Psychic,N/A,0.9,"Brooklyn, NY, United States"
1EG,23710063,Brooklyn,Rainy,Zigzagoon,33,25,21.64,Normal,N/A,0.45,"Brooklyn, NY, United States"
1EG,23710063,Brooklyn,Rainy,Croagunk,63,29,14.77,Poison,Fighting,0.57,"Brooklyn, NY, United States"
1EG,23710063,Brooklyn,Rainy,Eevee,45,26,6.92,Normal,N/A,0.29,"Brooklyn, NY, United States"
1EG,23710063,Brooklyn,Rainy,Spoink,115,40,26.57,Psychic,N/A,0.68,"Brooklyn, NY, United States"
1EG,23710063,Brooklyn,Rainy,Wingull,142,47,11.95,Water,Flying,0.66,"Brooklyn, NY, United States"
2PS,23713230,Queens ,Cloudy ,Elgyem ,269,60,9.25,Psychic ,N/A,0.45,"Queens, New York "
2PS,23713230,Queens ,Cloudy ,Drowzee,12,14,14.47,Psychic ,N/A,0.82,"Queens, New York "
2PS,23713230,Queens ,Cloudy ,Abra,303,38,19.65,Psychic ,N/A,0.88,"Queens, New York "
2PS,23713230,Queens ,Cloudy ,Solosis,53,22,0.91,Psychic ,N/A,0.27,"Queens, New York "
2PS,23713230,Queens ,Cloudy ,Mareep ,258,68,5.95,Electric,N/A,0.58,"Queens, New York "
2PS,23713230,Queens ,Cloudy ,Spoink,52,25,33.66,Psychic ,N/A,0.73,"Queens, New York "
2PS,23713230,Queens ,Cloudy ,Abra,235,37,23.36,Psychic ,N/A,0.95,"Queens, New York "
2PS,23713230,Queens ,Cloudy ,Munna,160,58,29.32,Psychic ,N/A,0.62,"Queens, New York "
2PS,23713230,Queens ,Cloudy ,Gothita ,93,35,5.63,Psychic ,N/A,0.4,"Queens, New York "
2PS,23713230,Queens ,Cloudy ,Natu,216,49,1.35,Psychic,Flying,0.18,"Queens, New York "
2PS,23713230,Queens ,Cloudy ,Drowzee,41,26,23.24,Psychic ,N/A,0.92,"Queens, New York "
2PS,23713230,Queens ,Cloudy ,Spoink,92,34,22.96,Psychic ,N/A,0.63,"Queens, New York "
2PS,23713230,Queens ,Cloudy ,Abra ,238,36,16.77,Psychic ,N/A,0.89,"Queens, New York "
2PS,23713230,Queens ,Cloudy ,Spoink,158,47,31.2,Psychic ,N/A,0.73,"Queens, New York "
2PS,23713230,Queens ,Cloudy ,Elgyem ,54,24,10.96,Psychic ,N/A,0.54,"Queens, New York "
2PS,23713230,Queens ,Cloudy ,Drowzee,131,48,42.58,Psychic ,N/A,1.05,"Queens, New York "
2PS,23713230,Queens ,Cloudy ,Natu,226,46,2.14,Psychic,Flying,0.2,"Queens, New York "
2PS,23713230,Queens ,Cloudy ,Cubone ,223,55,5.31,Ground,N/A,0.34,"Queens, New York "
2PS,23713230,Queens ,Cloudy ,Elgyem ,60,26,9.69,Psychic ,N/A,0.47,"Queens, New York "
2PS,23713230,Queens ,Cloudy ,Woobat,146,54,3.41,Psychic,Flying,0.46,"Queens, New York "
4PS,23723879,Manhattan,Sunny,Lunatone,443,74,200.22,Rock,Psychic,1.07,"New York, NY, United States"
4PS,23723879,Manhattan,Sunny,Pidove,124,45,2.26,Normal,Flying,0.3,"New York, NY, United States"
4PS,23723879,Manhattan,Sunny,Ledyba,161,51,12.66,Bug,Flying,1,"New York, NY, United States"
4PS,23723879,Manhattan,Sunny,Aron,122,36,40.7,Steel,Rock,0.33,"New York, NY, United States"
4PS,23723879,Manhattan,Sunny,Mudkip,115,38,7.69,Water,N/A,0.41,"New York, NY, United States"
4PS,23723879,Manhattan,Sunny,Pidove,131,47,2.23,Normal,Flying,0.31,"New York, NY, United States"
4PS,23723879,Manhattan,Sunny,Meditite,172,49,10.4,Fighting,Psychic,0.59,"New York, NY, United States"
4PS,23723879,Manhattan,Sunny,Starly,137,47,2.08,Normal,Flying,0.3,"New York, NY, United States"
4PS,23723879,Manhattan,Sunny,Swablu,222,56,1.39,Normal,Flying,0.4,"New York, NY, United States"
4PS,23723879,Manhattan,Sunny,Pikachu,89,28,6.25,Electric,N/A,0.37,"New York, NY, United States"
4PS,23723879,Manhattan,Sunny,Torchic,70,29,2.13,Fire,N/A,0.38,"New York, NY, United States"
4PS,23723879,Manhattan,Sunny,Skorupi,12,12,14.47,Poison,Bug,0.88,"New York, NY, United States"
4PS,23723879,Manhattan,Sunny,Yanma,335,67,38.11,Bug,Flying,1.27,"New York, NY, United States"
4PS,23723879,Manhattan,Sunny,Grimer,92,41,28.32,Poison,N/A,0.88,"New York, NY, United States"
4PS,23723879,Manhattan,Sunny,Voltorb,89,32,6.82,Electric,N/A,0.33,"New York, NY, United States"
4PS,23723879,Manhattan,Sunny,Combee,77,35,7.78,Bug,Flying,0.37,"New York, NY, United States"
4PS,23723879,Manhattan,Sunny,Natu,203,44,2.31,Psychic,Flying,0.22,"New York, NY, United States"
4PS,23723879,Manhattan,Sunny,Geodude,48,21,25.27,Rock ,Ground,0.44,"New York, NY, United States"
4PS,23723879,Manhattan,Sunny,Castform,19,17,1.09,Normal,N/A,0.34,"New York, NY, United States"
4PS,23723879,Manhattan,Sunny,Gligar,582,77,86.58,Ground,Flying,1.25,"New York, NY, United States"
4PS,23723879,Manhattan,Sunny,Sandslash,278,54,27.45,Ground,N/A,0.94,"New York, NY, United States"
4PS,23726713,Brooklyn ,Cloudy,Froakie,65,26,8.05,Water,N/A,0.33,"New York, NY, United States"
4PS,23726713,Brooklyn,Sunny,Rhyhorn,103,42,73.95,Ground,Rock,0.78,"Fort Lee, NJ, United States "
2PS,23752817,Manhattan,Rainy ,Gothia ,57,28,7.11,Psychic,N/A,0.44,"New York, NY, United States"
2PS,23752817,Manhattan,Rainy ,Chinchou,46,31,12.97,Water,Electric,0.49,"New York, NY, United States"
2PS,23752817,Manhattan,Rainy,Natu,70,26,2.54,Psychic,Flying,0.21,"New York, NY, United States"
2PS,23752817,Manhattan,Rainy,Kirlia,142,41,16.39,Psychic,Fairy,0.74,"New York, NY, United States"
2PS,23752817,Manhattan,Rainy,Abra,199,34,18.53,Psychic,N/A,1,"New York, NY, United States"
2PS,23752817,Manhattan,Rainy,Slowpoke,117,53,36.25,Water,Psychic,1.1,"New York, NY, United States"
2PS,23752817,Manhattan,Rainy,Munna,106,49,13,Psychic,N/A,0.53,"New York, NY, United States"
2PS ,23752817,Manhattan,Rainy,Cyndaquil,142,42,7.75,Fire,N/A,0.49,"New York, NY, United States"
2PS,23752817,Manhattan,Rainy,Starly,104,40,2.02,Normal,Flying,0.32,"New York, NY, United States"
2PS,23752817,Manhattan,Rainy,Ralts,125,47,6.19,Psychic,Fairy,0.39,"New York, NY, United States"
2PS,23752817,Manhattan,Rainy,Weepinbell,237,53,5.6,Grass,Poison,0.82,"New York, NY, United States"
2PS,23752817,Manhattan,Rainy,Ditto,52,30,4.62,Normal,N/A,0.3,"New York, NY, United States"
2PS,23752817,Manhattan,Rainy ,Stunky ,230,64,17.61,Poison,Dark,0.37,"New York, NY, United States"
2PS,23752817,Manhattan,Rainy,Drowzee,12,15,30.01,Psychic,N/A,1.03,"New York, NY, United States"
2PS,23752817,Manhattan,Rainy,Spoink,93,36,30.76,Psychic,N/A,0.7,"New York, NY, United States"
2PS,23752817,Manhattan,Rainy,Fletchinder,17,15,9.73,Fire,Flying,0.58,"New York, NY, United States"
2PS,23752817,Manhattan,Rainy,Bulbasaur,14,12,5.59,Grass,Poison,0.66,"New York, NY, United States"
4PS,23757792,Manhattan,Sunny,Stunfisk,383,86,15.11,Ground,Electric,0.81,"New York, NY, United States"
4PS,23757792,Manhattan,Sunny,Stunfisk,463,92,9.05,Ground,Electric,0.63,"New York, NY, United States"
4PS,23757792,Manhattan,Sunny,Foongus,198,66,0.97,Grass,Poison,0.18,"New York, NY, United States"
4PS,23757792,Manhattan,Sunny,Electrike,11,11,11.49,Electric,N/A,0.52,"New York, NY, United States"
4PS,23757792,Manhattan,Sunny,Burmy,33,27,1.92,Bug,N/A,0.15,"New York, NY, United States"
4PS,23757792,Manhattan,Sunny,Electabuzz,98,28,12.81,Electric,N/A,0.9,"New York, NY, United States"
4PS,23757792,Manhattan,Sunny,Joltik,94,38,0.49,Bug,Electric,0.09,"New York, NY, United States"
4PS,23757792,Manhattan,Sunny,Pikachu,91,30,5.92,Electric,N/A,0.4,"New York, NY, United States"
4PS,23757792,Manhattan,Sunny,Shelmet,82,35,6.58,Bug,N/A,0.39,"New York, NY, United States"
4PS,23757792,Manhattan,Sunny,Combee,91,17,8.14,Bug,Flying,0.36,"New York, NY, United States"
4PS,23762330,Brooklyn,Sunny,Squirtle,12,12,5.98,Water,N/A,0.41,"New York, NY, United States"
4PS,23762330,Brooklyn,Sunny,Bronzor,102,55,88.58,Steel,Psychic,0.55,"New York, NY, United States"
4PS,23762330,Brooklyn,Sunny,Minccino,57,33,4.03,Normal,N/A,0.37,"New York, NY, United States"
4PS,23762330,Brooklyn,Sunny,Ledian,242,56,43.5,Bug,Flying,1.46,"New York, NY, United States"
4PS,23762330,Brooklyn,Sunny,Yanma,264,59,45.37,Bug,Flying,1.22,"New York, NY, United States"
4PS,23762330,Brooklyn,Sunny,Yungoos,32,23,6.95,Normal,N/A,0.42,"New York, NY, United States"
4PS,23762330,Brooklyn,Sunny,Lotad,10,11,1.81,Water,Grass,0.41,"New York, NY, United States"
2PS,23762360,Manhattan,Cloudy,Spoink ,158,48,30.34,Psychic,N/A,0.72,"Fort Lee, NJ, United States"
2PS,23762360,Manhattan,Cloudy,Natu,66,26,2.04,Physic,Flying,0.19,"Fort Lee, NJ, United States"
2PS,23762360,Manhattan,Cloudy,Munna,135,54,31.24,Psychic,Flying,0.7,"Fort Lee, NJ, United States"
2PS,23762360,Manhattan,Cloudy,Drowzee,64,36,40.94,Psychic,N/A,1.01,"Fort Lee, NJ, United States"
2PS,23762360,Manhattan,Cloudy,Elgyem,175,46,10.83,Psychic,N/A,0.53,"Fort Lee, NJ, United States"
2PS,23762360,Manhattan,Cloudy,Woobat,162,53,1.8,Psychic,Flying,0.4,"Fort Lee, NJ, United States"
2PS,23762360,Manhattan,Cloudy,Voltorb,235,52,8.53,Electric ,N/A,0.51,"Fort Lee, NJ, United States"
2PS,23762360,Manhattan,Cloudy,Solosis,176,40,0.61,Psychic,N/A,0.22,"Fort Lee, NJ, United States"
2PS,23762360,Manhattan,Cloudy,Ralts,19,18,11.39,Psychic,Fairy,0.52,"Fort Lee, NJ, United States"
2PS,23762360,Manhattan,Cloudy,Slowpoke,288,85,41.99,Water,Psychic,1.33,"Fort Lee, NJ, United States"
2PS,23762360,Manhattan,Cloudy,Ducklett,202,64,3.97,Water,Flying,0.37,"Fort Lee, NJ, United States"
2PS,23762360,Manhattan,Cloudy,Ralts,60,28,5.77,Psychic,Fairy,0.39,"Fort Lee, NJ, United States"
2PS,23762360,Manhattan,Cloudy,Tauros,181,39,97.43,Normal,N/A,1.45,"Fort Lee, NJ, United States"
2PS,23762360,Manhattan,Cloudy,Ekans,37,19,7.25,Poison,N/A,1.82,"Fort Lee, NJ, United States"
2PS,23762360,Manhattan,Cloudy,Sentret,55,28,4.27,Normal,N/A,0.66,"Fort Lee, NJ, United States"
2PS,23762360,Manhattan,Cloudy,Yungoos,54,32,6.99,Normal,N/A,0.43,"Fort Lee, NJ, United States"
2PS,23762360,Manhattan,Cloudy,Squirtle,12,12,11.63,Water,N/A,0.59,"Fort Lee, NJ, United States"
1EG,23762728,Long Island ,Cloudy,Croagunk,283,68,28.51,Poison,Fighting,0.83,"Hewlett, New York"
1EG,23762728,Long Island ,Cloudy,Sewaddle ,117,41,1.64,Bug,Grass,0.28,"Hewlett, New York"
1EG,23762728,Long Island ,Cloudy,Vulpix,74,31,7.67,Fire,N/A,0.55,"Hewlett, New York"
1EG,23762728,Long Island ,Cloudy,Panpour,164,53,12.56,Water,N/A,0.61,"Hewlett, New York"
1EG,23762728,Long Island ,Cloudy,Wooper,83,48,7.08,Water ,Ground,0.37,"Hewlett, New York"
1EG,23762728,Long Island ,Cloudy,Weepinbell,439,73,5.48,Grass,Poison,1.04,"Hewlett, New York"
1EG,23762728,Long Island ,Cloudy,Snubbull,364,72,9.2,Fairy,N/A,0.65,"Hewlett, New York"
1EG,23762728,Long Island ,Cloudy,Totodile,103,36,10.76,Water,N/A,0.57,"Hewlett, New York"
1EG,23762728,Long Island ,Cloudy,Bellsprout,216,56,3.01,Grass,Poison,0.61,"Hewlett, New York"
1EG,23762728,Long Island ,Cloudy,Jigglypuff,195,114,4.4,Normal,Fairy,0.44,"Hewlett, New York"
1EG,23762728,Long Island ,Cloudy,Bellsprout,302,65,4.07,Grass,Poison,0.74,"Hewlett, New York"
1EG,23762728,Long Island ,Cloudy,Spearow,72,32,2.09,Normal,Flying ,0.29,"Hewlett, New York"
1EG,23762728,Long Island ,Cloudy,Phanpy,166,71,28.73,Groumd,N/A,0.46,"Hewlett, New York"
1EG,23762728,Long Island ,Cloudy,Doduo,113,31,39.44,Normal,Flying,1.43,"Hewlett, New York"
1EG,23762728,Long Island ,Cloudy,Spearow,10,11,2.42,Normal,Flying,0.33,"Hewlett, New York"
1EG,23762728,Long Island ,Cloudy,Spearow,87,36,1.79,Normal,Flying,0.25,"Hewlett, New York"
1EG,23762728,Long Island ,Cloudy,Yungoos,62,32,5.27,Normal,N/A,0.41,"Hewlett, New York"
1EG,23762728,Long Island ,Cloudy,Spearow,28,22,1.53,Normal,Flying,0.27,"Hewlett, New York"
1EG,23762728,Long Island ,Cloudy,Voltorb,91,30,13.18,Electric,Grass,0.49,"Hewlett, New York"
4ps,23770452,Bronx,Sunny,Squirtle,12,12,8.93,water,N/a,0.48,"New York, NY, United States"
4ps,23770452,Bronx,Sunny,Pinsir,39,15,55.41,Bug,N/a,1.39,"New York, NY, United States"
4ps,23770452,Bronx,Sunny,Pinsir,294,42,75.6,Bug,N/a,1.61,"New York, NY, United States"
4ps,23770452,Bronx,Sunny,Pinsir,122,27,60.15,Bug,N/a,1.45,"New York, NY, United States"
4ps,23770452,Bronx,Sunny,sudowood,26,16,47.71,rock,N/a,1.25,"New York, NY, United States"
4ps,23770452,Bronx,Sunny,sudowood,269,50,34.37,rock,N/a,1.2,"New York, NY, United States"
4ps,23770452,Bronx,Sunny,sudowood,202,44,23.17,rock,N/a,0.93,"New York, NY, United States"
4ps,23770452,Bronx,Sunny,Meditite,87,31,9.23,Fighting,psychic,0.62,"New York, NY, United States"
4ps,23770452,Bronx,Sunny,Meditite,10,10,10.85,Fighting,psychic,0.63,"New York, NY, United States"
4ps,23770452,Bronx,Sunny,Meditite,47,24,10.92,fighting,psychic,0.56,"New York, NY, United States"
4ps,23770452,Bronx,Sunny,Meditite,10,10,8.13,fighting,psychic,0.57,"New York, NY, United States"
4ps,23770452,Bronx,Sunny,Anorith,60,23,10.97,rock,bug,0.71,"New York, NY, United States"
4ps,23770452,Bronx,Sunny,Anorith,145,35,13.47,rock,bug,0.65,"New York, NY, United States"
4ps,23770452,Bronx,Sunny,Kricketot,38,32,1.73,bug,N/a,0.3,"New York, NY, United States"
4ps,23770452,Bronx,Sunny,Kricketot,15,20,2.05,bug,N/a,0.29,"New York, NY, United States"
4ps,23770452,Bronx,Sunny,Kricketot,10,12,0.98,bug,N/a,0.23,"New York, NY, United States"
4ps,23770452,Bronx,Sunny,Kricketot,13,20,2.34,bug,N/a,0.3,"New York, NY, United States"
4ps,23770452,Bronx,Sunny,Hitmontop,143,31,60.22,fighting,N/a,1.56,"New York, NY, United States"
4ps,23770452,Bronx,Sunny,Hitmontop,267,43,39.36,fighting,N/a,1.13,"New York, NY, United States"
4ps,23770452,Bronx,Sunny,Woobat,63,35,3.26,psychic,fighting,0.45,"New York, NY, United States"
4ps,23770452,Bronx,Sunny,Woobat,12,16,2.13,psychic,fighting,0.4,"New York, NY, United States"
4ps,23770452,Bronx,Sunny,Woobat,67,38,1.31,psychic,fighting,0.41,"New York, NY, United States"
4ps,23770452,Bronx,Sunny,Karrablast,48,25,4.7,bug,N/A,0.42,"New York, NY, United States"
4ps,23770452,Bronx,Sunny,Karrablast,144,44,7.43,bug,N/A,0.55,"New York, NY, United States"
4ps,23770452,Bronx,Sunny,Karrablast,15,4.78,4.78,bug,N/A,0.51,"New York, NY, United States"
4PS,23770737,Manhattan,Sunny,Bulbasaur ,14,12,11.3,grass,poison,,"New York, NY, United States"
4PS,23770737,Manhattan,Sunny,Sandshrew,52,23,11.06,Ground,N/A,,"New York, NY, United States"
4PS,23770737,Manhattan,Sunny,Diglett,65,19,0.64,ground,N/A,,"New York, NY, United States"
4PS,23770737,Manhattan,Sunny,Grimer,90,42,22.41,Poison,N/A,,"New York, NY, United States"
4PS,23770737,Manhattan,Sunny,Voltorb,39,21,10.04,Electric,N/A,,"New York, NY, United States"
4PS,23770737,Manhattan,Sunny,Wooper,10,14,9,Water,Ground,,"New York, NY, United States"
4PS,23770737,Manhattan,Sunny,Whismur,42,37,12.23,Normal,N/A,,"New York, NY, United States"
4PS,23770737,Manhattan,Sunny,Trapinch,49,23,12.47,Ground,N/A,,"New York, NY, United States"
4PS,23770737,Manhattan,Sunny,Drifblim,524,122,10.56,Ghost ,Flying,,"New York, NY, United States"
4PS,23770737,Manhattan,Sunny,Glameow,63,32,4.25,Normal,N/A,,"New York, NY, United States"
4PS,23770737,Manhattan,Sunny,Hippopotas,54,28,49.48,Ground,N/A,,"New York, NY, United States"
4PS,23770737,Manhattan,Sunny,Throh,33,25,63.7,Fighting,N/A,,"New York, NY, United States"
4PS,23770737,Manhattan,Sunny,Ducklett,166,60,4.35,water,Flying,,"New York, NY, United States"
4PS,23770737,Manhattan,Sunny,Joltik,68,31,0.62,Bug,Electric,,"New York, NY, United States"
4PS,23770737,Manhattan,Sunny,Fletching,156,49,1.97,Normal,Flying,,"New York, NY, United States"
4PS,23770923,Bronx,Cloudy,Charmander,12,12,10,Fire,N/A,0.67,"New York, NY, United States"
4PS,23770923,Bronx,Cloudy,Yungoos,133,46,6.77,Normal,N/A,0.4,"New York, NY, United States"
4PS,23770923,Bronx,Cloudy,Horsea,13,10,13.64,Water,N/A,0.5,"New York, NY, United States"
4PS,23770923,Bronx,Cloudy,Pidove,149,51,2.8,Normal,Flying,0.37,"New York, NY, United States"
4PS,23770923,Bronx,Cloudy,Horsea,40,18,7.06,Water,N/A,0.4,"New York, NY, United States"
4PS,23770923,Bronx,Cloudy,Girafarig,380,63,51.6,Normal,Psychic,1.62,"New York, NY, United States"
4PS,23770923,Bronx,Cloudy,Horsea,95,28,8.29,Water,N/A,0.41,"New York, NY, United States"
4PS,23770923,Bronx,Cloudy,Lillipup,181,50,4,Normal,N/A,0.43,"New York, NY, United States"
4PS,23770923,Bronx,Cloudy,Magnemite,16,10,6.45,Electric,Steel,0.28,"New York, NY, United States"
4PS,23770923,Bronx,Cloudy,Solrock,504,81,193.14,Rock,Psychic,1.31,"New York, NY, United States"
4PS,23770923,Bronx,Cloudy,Anorith,400,57,10.78,Rock,Bug,0.74,"New York, NY, United States"
4PS,23770923,Bronx,Cloudy,Pidove,125,46,1.99,Normal,Flying,0.32,"New York, NY, United States"
4PS,23770923,Bronx,Cloudy,Bidoof,129,57,15.4,Normal,N/A,0.43,"New York, NY, United States"
4PS,23770923,Bronx,Cloudy,Wimpod,46,26,12.04,Bug,Water,0.47,"New York, NY, United States"
4PS,23770923,Bronx,Cloudy,Pikipek,217,49,1.8,Normal,Flying,0.35,"New York, NY, United States"
4PS,23770923,Bronx,Cloudy,Eevee,159,51,4.77,Normal,N/A,0.26,"New York, NY, United States"
4PS,23770923,Bronx,Cloudy,Magikarp,10,14,8.06,Water,N/A,0.92,"New York, NY, United States"
4PS,23770923,Bronx,Cloudy,Solrock,702,98,125.27,Rock,Psychic,1.24,"New York, NY, United States"
4PS,23770923,Bronx,Cloudy,Skitty,135,50,6.29,Normal,N/A,0.52,"New York, NY, United States"
4PS,23770923,Bronx,Cloudy,Lunatone,356,67,152.63,Rock,Psychic,0.95,"New York, NY, United States"
4PS,23779935,Manhattan,Sunny,Bulbasur,14,12,6.17,Grass,Poison,0.64,"New York, NY, United States"
4PS,23779935,Manhattan,Sunny,Plusle,74,27,2.55,Electric,N/A,0.31,"New York, NY, United States"
4PS,23779935,Manhattan,Sunny,Pidove,186,54,1.98,Normal,Flying,0.29,"New York, NY, United States"
4PS,23779935,Manhattan,Sunny,Geodude,53,20,23.01,Rock,Ground,0.46,"New York, NY, United States"
4PS,23779935,Manhattan,Sunny,Panpour,37,24,10.78,Water,N/A,0.53,"New York, NY, United States"
4PS,23779935,Manhattan,Sunny,Combee,81,40,4.98,Bug,Flying,0.3,"New York, NY, United States"
4PS,23779935,Manhattan,Sunny,Geodude,16,12,10.62,Rock,Ground,0.38,"New York, NY, United States"
4PS,23779935,Manhattan,Sunny,Yanma,210,53,28.84,Bug,Flying,1.1,"New York, NY, United States"
4PS,23779935,Manhattan,Sunny,Chinchou,143,53,12.02,Water,Electric,0.52,"New York, NY, United States"
4PS,23779935,Manhattan,Sunny,Eevee,12,13,5.4,Normal,N/A,0.27,"New York, NY, United States"
4PS,23779935,Manhattan,Sunny,Lotad,10,12,1.92,Water,Grass,0.48,"New York, NY, United States"
4PS,23779940,Manhattan,Sunny,Gothita,174,46,7.5,Psychic,N/A,0.41,"New York, NY, United States"
4PS,23779940,Manhattan,Sunny,Staravia,339,66,16.66,Normal ,Flying,0.69,"New York, NY, United States"
4PS,23779940,Manhattan,Sunny,Yanma,394,73,37.78,Bug,Flying,1,"New York, NY, United States"
4PS,23779940,Manhattan,Sunny,Lunatone,545,85,93.97,Rock,Psychic,0.81,"New York, NY, United States"
4PS,23779940,Manhattan,Sunny,Pidove,164,55,2.18,Normal,Flying,0.34,"New York, NY, United States"
4PS,23779940,Manhattan,Sunny,Plusle,23,14,4.04,Electric,N/A,0.38,"New York, NY, United States"
4PS,23779940,Manhattan,Sunny,Yanma,318,64,33.66,Bug,Flying,1.11,"New York, NY, United States"
4PS,23779940,Manhattan,Sunny,Drifloon,188,68,1.06,Ghost,Flying,0.36,"New York, NY, United States"
4PS,23779940,Manhattan,Sunny,Bulbasaur,14,12,7.9,Grass,Poison,0.81,"New York, NY, United States"
2PS,23787860,Manhattan,Clear (Night),Hitmonchan,97,23,42.65,Fighting ,N/A,1.3,"New York,NY,United States"
2PS,23787860,Manhattan,Clear (Night),Solrock,228,54,145.62,Rock,Psychic,1.21,"New York,NY,United States"
2PS,23787860,Manhattan,Clear (Night),Pidove,73,38,2.79,Normal,Flying,0.35,"New York,NY,United States"
2PS,23787860,Manhattan,Clear (Night),Solrock,160,47,111.21,Rock,Psychic,0.98,"New York,NY,United States"
2PS,23787860,Manhattan,Clear (Night),Zigzagoon,10,12,21.21,Normal,N/A,0.41,"New York,NY,United States"
2PS,23787860,Manhattan,Clear (Night),Solrock,220,53,117.46,Rock,psychic,0.94,"New York,NY,United States"
2PS,23787860,Manhattan,Clear (Night),Froakie,90,32,8.27,Water,N/A,0.32,"New York,NY,United States"
2PS,23787860,Manhattan,Clear (Night),Starly,10,12,1.23,Normal,Flying,0.23,"New York,NY,United States"
2PS,23787860,Manhattan,Clear (Night),Starly,10,11,1.96,Normal,Flying,0.29,"New York,NY,United States"
2PS,23787860,Manhattan,Clear (Night),Zigzagoon,10,10,13.81,Normal,N/A,0.37,"New York,NY,United States"
2PS,23787860,Manhattan,Clear (Night),Bidoof,27,26,27.49,Normal,N/A,0.59,"New York,NY,United States"
2PS,23787860,Manhattan,Clear (Night),Charmander,12,12,7.59,Fire,N/A,0.57,"New York,NY,United States"
2PS,23812088,,Sunny,Totodile,73,30,8.85,Water,N/A,0.62,"Waterviet,NY, United States"
2PS,23812088,,Sunny,Eevee,13,14,6.03,Normal,N/A,0.31,"Waterviet,NY, United States"
2PS,23812088,,Sunny,Spearow,167,45,1.49,Normal,Flying,0.24,"Waterviet,NY, United States"
2PS,23812088,,Sunny,Spearow,65,30,2.75,Normal ,Flying,0.32,"Waterviet,NY, United States"
2PS,23812088,,Sunny,Skorupi,202,48,6.25,Poison,Bug,0.72,"Waterviet,NY, United States"
2PS,23812088,,Sunny,Cyndaquil,170,43,6.4,Fire,N/A,0.46,"Waterviet,NY, United States"
2PS,23812088,,Sunny,Throh,533,100,34.5,Fighting,N/A,1.09,"Waterviet,NY, United States"
2PS,23812088,,Sunny,Popplio,136,39,8.19,Water,N/A,0.41,"Waterviet,NY, United States"
2PS,23812088,,Sunny,Stufful,235,63,8.19,Normal,Fighting,0.55,"Waterviet,NY, United States"
2PS,23812088,,Sunny,Stufful,280,68,8.74,Normal,Fighting,0.54,"Waterviet,NY, United States"
2PS,23812088,,Sunny,Yungoos,95,39,5.64,Normal,N/A,0.38,"Troy,NY, United States"
2PS,23812088,,Sunny,Voltorb,39,21,9.46,Electric,N/A,0.51,"Troy,NY, United States"
2PS,23812088,,Sunny,Deerling,164,52,13.49,Normal,Grass,0.54,"Troy,NY, United States"
2PS,23812088,,Sunny,Cyndaquil,119,34,8.14,Fire,N/A,0.5,"Waterviet,NY, United States"
2PS,23812088,,Sunny,Bouffalant,38,21,79.33,Normal,N/A,1.52,"Waterviet,NY, United States"
2PS,23812088,,Sunny,Stantler,27,17,41.84,Normal,N/A,1.09,"Waterviet,NY, United States"
2PS,23812088,,Sunny,Cyndaquil,118,34,9.21,Fire,N/A,0.5,"Waterviet,NY, United States"
2PS,23812088,,Sunny,Eevee,117,43,9.68,Normal,N/A,0.37,"Waterviet,NY, United States"
2PS,23812088,,Sunny,Wooper,77,46,5.27,Water,Ground,0.32,"Waterviet,NY, United States"
2PS,23812088,,Sunny,Jigglypuff,193,111,3.93,Normal,Fairy,0.44,"Waterviet,NY, United States"
2PS,23812088,,Sunny,Shinx,163,51,9.44,Electric,N/A,0.54,"Waterviet,NY, United States"
2PS,23820800,Staten Island,Rainy,Spoink,353,68,24.97,Psychic,N/A,0.62,"Staten Island, New York"
2PS,23820800,Staten Island,Rainy,Abra,210,33,14.3,Psychic ,N/A,0.74,"Staten Island, New York"
2PS,23820800,Staten Island,Rainy,Elgyem,207,51,7.36,Psychic,N/A,0.48,"Staten Island, New York"
2PS,23820800,Staten Island,Rainy,Abra,354,44,13.48,Psychic,N/A,0.78,"Staten Island, New York"
2PS,23820800,Staten Island,Rainy,Slowpoke,225,76,37.87,Water,Psychic,1.14,"Staten Island, New York"
2PS,23820800,Staten Island,Rainy,Gothita ,142,43,6.8,Psychic,N/A,0.45,"Staten Island, New York"
2PS,23820800,Staten Island,Rainy,Spoink,310,67,43.2,Psychic,N/A,0.81,"Staten Island, New York"
2PS,23820800,Staten Island,Rainy,Munna,304,80,26.08,Psychic,N/A,0.55,"Staten Island, New York"
2PS,23820800,Staten Island,Rainy,Slowpoke,213,75,41.99,Water,Psychic,1.36,"Staten Island, New York"
2PS,23820800,Staten Island,Rainy,Woobat,174,59,1.96,Psychic,Flying,0.39,"Staten Island, New York"
2PS,23820800,Staten Island,Rainy,Chinchou,132,54,12.94,Water,Electric,0.55,"Staten Island, New York"
2PS,23820800,Staten Island,Rainy,Woobat,171,59,2.1,Psychic,Flying,0.38,"Staten Island, New York"
2PS,23820800,Staten Island,Rainy,Spoink,278,61,38.04,Psychic,N/A,0.78,"Staten Island, New York"
2PS,23820800,Staten Island,Rainy,Woobat,162,56,1.65,Psychic,N/A,0.38,"Staten Island, New York"
2PS,23820800,Staten Island,Rainy,Abra,280,36,19.15,Psychic,N/A,0.86,"Staten Island, New York"
2PS,23820800,Staten Island,Rainy,Abra,204,33,12.14,Psychic,N/A,0.69,"Staten Island, New York"
2PS,23820800,Staten Island,Rainy,Drowzee ,235,65,42.18,Psychic,N/A,1.14,"Staten Island, New York"
2PS,23820800,Staten Island,Rainy,Spoink,240,56,49.84,Psychic,N/A,0.87,"Staten Island, New York"
2PS,23820800,Staten Island,Rainy,Sandslash,163,40,45.77,Ground,N/A,1.25,"Staten Island, New York"
2PS,23820800,Staten Island,Rainy,Natu,167,42,2.9,Psychic,Flying,0.23,"Staten Island, New York"
2PS,23820800,Staten Island,Rainy,Drowzee,192,59,34.81,Psychic,N/A,1,"Staten Island, New York"
2PS,23820800,Staten Island,Rainy,Abra,244,35,21.61,Psychic,N/A,0.99,"Staten Island, New York"
2PS,23820800,Staten Island,Rainy,Bulbasaur,14,12,10.29,Grass,Poison,0.84,"Staten Island, New York"
4PS,23826381,Queens,Sunny,Charmander,12,12,10.88,Fire,N/A,0.61,"New York, NY, United States"
4PS,23826381,Queens,Sunny,Seedot,82,41,3.6,Grass,N/A,0.43,"New York, NY, United States"
4PS,23826381,Queens,Sunny,Seedot,122,50,3.9,Grass,N/A,0.52,"New York, NY, United States"
4PS,23826381,Queens,Sunny,Glameow,58,31,3.97,Normal,N/A,0.47,"New York, NY, United States"
4PS,23826381,Queens,Sunny,Growlithe,209,53,16.34,Fire,N/A,0.63,"New York, NY, United States"
4PS,23826381,Queens,Sunny,Magnemite,129,24,5.97,Electric,Steel,0.27,"New York, NY, United States"
4PS,23826381,Queens,Sunny,Fletchling,88,40,1.86,Normal,Flying,0.33,"New York, NY, United States"
4PS,23826381,Queens,Sunny,Seedot,90,43,6.2,Grass,N/A,0.6,"New York, NY, United States"
4PS,23826381,Queens,Sunny,Starly,124,48,1.54,Normal,Flying,0.24,"New York, NY, United States"
4PS,23826381,Queens,Sunny,Pidove,138,47,1.98,Normal,Flying,0.31,"New York, NY, United States"
4PS,23826381,Queens,Sunny,Dunsparce,167,57,17.72,Normal,N/A,1.6,"New York, NY, United States"
4PS,23826381,Queens,Sunny,Yungoos,179,54,4.14,Normal,N/A,0.43,"New York, NY, United States"
4PS,23826381,Queens,Sunny,Bellsprout,57,28,1.97,Grass,Poison,0.64,"New York, NY, United States"
4PS,23826381,Queens,Sunny,Lileep,261,64,25.99,Rock,Grass,0.97,"New York, NY, United States"
4PS,23826381,Queens,Sunny,Seviper,312,62,58.2,Poison,N/A,3.16,"New York, NY, United States"
4PS,23826381,Queens,Sunny,Numel,288,72,16.98,Fire,Ground,0.55,"New York, NY, United States"
4PS,23826381,Queens,Sunny,Ledyba,36,23,14.1,Bug,Flying,1.13,"New York, NY, United States"
4PS,23851112,Queens,Cloudy,Panpour,11,13,12.46,Water,Fighting,0.56,"New York,NY,United States"
4PS,23851112,Queens,Cloudy,Eevee,65,34,8.19,Normal,N/A,0.34,"New York, NY, United States"
4PS,23851112,Queens,Cloudy,Bidoof,24,25,20,Normal,Fighting,0.49,"New York, NY, United States"
4PS,23851112,Queens,Cloudy,Lotad,36,28,2.13,Water/Grass,fighting,0.49,"New York, NY, United States"
4PS,23851112,Queens,Cloudy,Ledyba,29,21,9.9,Bug,Flying,0.96,"New  York, NY, United States"
4PS,23851112,Queens,Cloudy,Bulbasaur,14,12,3.55,Grass/Poison,Fighting,0.52,"New York, NY, United States"
4PS,23854830,Staten Island,Clear (Sunset),Bulbasaur ,14,12,7.57,Grass,Poison,0.64,"Staten Island, NY, United States"
4PS,23854830,Staten Island,Clear (Sunset),Starly,126,46,2.3,Normal,Flying,0.29,"Staten Island, NY, United States"
4PS,23854830,Staten Island,Clear (Sunset),Solrock,498,79,246.41,Rock,Psychic,1.41,"Staten Island, NY, United States"
4PS,23854830,Staten Island,Clear (Sunset),Petilil,72,29,6.33,Grass,N/A,0.52,"Staten Island, NY, United States"
4PS,23854830,Staten Island,Clear (Sunset),Froakie,42,21,8.37,Water,N/A,0.32,"Staten Island, NY, United States"
4PS,23854830,Staten Island,Clear (Sunset),Pidove,188,56,1.66,Normal,Flying,0.27,"Staten Island, NY, United States"
4PS,23854830,Staten Island,Clear (Sunset),Natu,107,33,2.68,Psychic,Flying,0.21,"Staten Island, NY, United States"
4PS,23854830,Staten Island,Clear (Sunset),Tauros,405,59,83.45,Normal,N/A,1.31,"Staten Island, NY, United States"
4PS,23854830,Staten Island,Clear (Sunset),Glameow,172,49,3.37,Normal,N/A,0.45,"Staten Island, NY, United States"
4PS,23854830,Staten Island,Clear (Sunset),Yungoos,200,58,8.59,Normal,N/A,0.49,"Staten Island, NY, United States"
4PS,23854830,Staten Island,Clear (Sunset),Solrock,484,83,189.2,Rock,Psychic,1.24,"Staten Island, NY, United States"
4PS,23854830,Staten Island,Clear (Sunset),Pidove,211,59,2.85,Normal,Flying,0.33,"Staten Island, NY, United States"
4PS,23854830,Staten Island,Clear (Sunset),Lillipup,135,45,5.34,Normal,N/A,0.43,"Staten Island, NY, United States"
4PS,23854830,Staten Island,Clear (Sunset),Porygon,308,59,42.59,Normal,N/A,0.83,"Staten Island, NY, United States"
4PS,23854830,Staten Island,Clear (Sunset),Tentacool,129,35,29.47,Water,Poison,0.81,"Staten Island, NY, United States"
4PS,23854830,Staten Island,Clear (Sunset),Lunatone,576,88,124.57,Rock,Psychic,0.84,"Staten Island, NY, United States"
4PS,23854830,Staten Island,Clear (Sunset),Yungoos,206,58,4.74,Normal,N/A,0.36,"Staten Island, NY, United States"
4PS,23854830,Staten Island,Clear (Sunset),Eevee,301,66,7.16,Normal,N/A,0.33,"Staten Island, NY, United States"
4PS,23854830,Staten Island,Clear (Sunset),Zigzagoon,102,47,14.88,Normal,N/A,0.37,"Staten Island, NY, United States"
4PS,23854830,Staten Island,Clear (Sunset),Panpour,144,45,9.13,Water,N/A,0.53,"Staten Island, NY, United States"
4PS,23876918,Manhattan,Sunny,Sentret,10,10,0.72,Normal,N/A,0.72,"New York, NY, United States"
4PS,23854830,Staten Island,Clear (Sunset),Hippopotas,230,62,52.94,Ground,N/A,0.8,"Staten Island, NY, United States"
4PS,23854830,Staten Island,Clear (Sunset),Skitty,187,64,12.15,Normal,N/A,0.57,"Staten Island, NY, United States"
4PS,23854830,Staten Island,Clear (Sunset),Bunnelby,158,57,3.8,Normal,N/A,0.41,"Staten Island, NY, United States"
4PS,23854830,Staten Island,Clear (Sunset),Chespin,244,60,9.63,Grass,N/A,0.38,"Staten Island, NY, United States"
4PS,23854830,Staten Island,Clear (Sunset),Wimpod,90,34,11.94,Bug,Water,0.51,"Staten Island, NY, United States"
4PS,23854830,Staten Island,Clear (Sunset),Electabuzz,165,37,25.86,Electric,N/A,1.03,"Staten Island, NY, United States"
4PS,23854830,Staten Island,Clear (Sunset),Torchic,203,49,3.41,Fire,N/A,0.44,"Staten Island, NY, United States"
4PS,23876918,Manhattan,Sunny,Yanma,429,76,22.15,Bug,Flying,1.15,"New York, NY, United States"
4PS,23876918,Manhattan,Sunny,Deerling,201,59,0.58,Normal,Grass,0.58,"New York, NY, United States"
4PS,23876918,Manhattan,Sunny,Numel,163,52,19.66,Fire,Ground,0.57,"New York, NY, United States"
4PS,23876918,Manhattan,Sunny,Croconaw,69,27,37.68,Water,N/A,1.24,"New York, NY, United States"
4PS,23876918,Manhattan,Sunny,Bouffalant,117,37,144.18,Normal,N/A,2.03,"New York, NY, United States"
4PS,23876918,Manhattan,Sunny,Sandshrew,224,52,15.55,Ground,N/A,0.7,"New York, NY, United States"
2PS,23882226,Brooklyn,Rainy,Charmander,12,12,5.89,Fire,N/A,0.51,"New York, NY"
2PS,23882226,Brooklyn,Rainy,Spoink,17,15,32.01,Psychic ,N/A,0.63,"New York, NY"
4PS,23876918,Manhattan,Sunny,Ducklett,33,26,5.76,Water,Flying,0.5,"New York, NY, United States"
2PS,23882226,Brooklyn,Rainy,Flaaffy,61,30,0.84,Electric,N/A,0.84,"New York, NY"
2PS,23882226,Brooklyn,Rainy,Kadabra,27,11,43.88,Psychic ,N/A,1.3,"New York, NY"
2PS,23882226,Brooklyn,Rainy,Solosis,125,32,1.1,Psychic ,N/A,0.27,"New York, NY"
2PS,23882226,Brooklyn,Rainy,Electrike,39,22,13.75,Electric,N/A,0.57,"New York, NY"
2PS,23882226,Brooklyn,Rainy,Elgyem,286,59,4.88,Psychic ,N/A,0.4,"New York, NY"
2PS,23882226,Brooklyn,Rainy,Woobat,206,62,2.84,Psychic ,flying,0.5,"New York, NY"
2PS,23882226,Brooklyn,Rainy,bidoof,46,33,30.36,normal,N/A,0.6,"New York, NY"
2PS,23882226,Brooklyn,Rainy,Elgyem,204,49,9.14,Psychic ,N/A,0.47,"New York, NY"
2PS,23882226,Brooklyn,Rainy,natu,238,50,1.9,Psychic ,flying,0.2,"New York, NY"
2PS,23882226,Brooklyn,Rainy,spoink,411,73,22.05,Psychic ,N/A,0.53,"New York, NY"
4PS,23897468,Bronx,Sunny,Torchic,238,53,1.9,Fire,N/A,0.39,"New York, NY, United States"
4PS,23897468,Bronx,Sunny,Swablu,102,40,0.81,Normal,Flying,0.35,"New York, NY, United States"
4PS,23897468,Bronx,Sunny,Machop,16,16,14.34,Fighting,N/A,0.67,"New York, NY, United States"
4PS,23897468,Bronx,Sunny,Pidove,10,13,2.72,Normal,Flying,0.33,"New York, NY, United States"
4PS,23897468,Bronx,Sunny,Hoppip,88,37,0.5,Grass,Flying,0.39,"New York, NY, United States"
4PS,23897468,Bronx,Sunny,Yanma,142,43,32.57,Bug,Flying,1.2,"New York, NY, United States"
4PS,23897468,Bronx,Sunny,Cubone,365,71,5.29,Ground,N/A,0.34,"New York, NY, United States"
4PS,23897468,Bronx,Sunny,Joltik,89,35,0.62,Bug,Electric,0.1,"New York, NY, United States"
4PS,23897468,Bronx,Sunny,Seviper,320,60,47.77,Poison,N/A,2.65,"New York, NY, United States"
4PS,23897468,Bronx,Sunny,Mudkip,76,31,8.72,Water,N/A,0.46,"New York, NY, United States"
4PS,23897468,Bronx,Sunny,Miltank,91,35,68.07,Normal,N/A,1.04,"New York, NY, United States"
4PS,23897468,Bronx,Sunny,Bidoof,10,15,17.43,Normal,N/A,0.47,"New York, NY, United States"
4PS,23897468,Bronx,Sunny,Tyrunt,341,57,22kg,Rock,Dragon,0.76,"New York, NY, United States"
4PS,23897468,Bronx,Sunny,Hitmonchan,31,14,52.13,Fighting,N/A,1.3,"New York, NY, United States"
4PS,23897468,Bronx,Sunny,Sandshrew,410,70,10.52,Ground,N/A,0.57,"New York, NY, United States"
4PS,23897468,Bronx,Sunny,Starly,135,45,2.83,Normal,Flying,0.35,"New York, NY, United States"
4PS,23897468,Bronx,Sunny,Snubbull,15,14,8.42,Fairy,N/A,0.59,"New York, NY, United States"
4PS,23897468,Bronx,Sunny,Tauros,536,72,88.67,Normal,N/A,1.32,"New York, NY, United States"
4PS,23897468,Bronx,Sunny,Skitty,50,30,9.58,Normal,N/A,0.64,"New York, NY, United States"
4PS,23897468,Bronx,Sunny,Stufful,166,51,9.37,Normal,Fighting,0.58,"New York, NY, United States"
2PS ,23904562,Manhattan ,Cloudy ,Spoink,125,40,38.53,psychic,N/A,0.76,"New York, NY"
2PS ,23904562,Manhattan ,Cloudy ,Drownzee,43,27,46.09,psychic,N/A,1.25,"New York, NY"
2PS ,23904562,Manhattan ,Cloudy ,Natu,77,28,2.12,psychic,flying,0.21,"New York, NY"
2PS ,23904562,Manhattan ,Cloudy ,Woobat,41,29,1.69,psychic,flying,0.33,"New York, NY"
2PS ,23904562,Manhattan ,Cloudy ,Spoink,18,15,31.89,psychic,N/A,0.69,"New York, NY"
2PS ,23904562,Manhattan ,Cloudy ,Gothita,68,29,5.7,psychic,N/A,0.42,"New York, NY"
2PS ,23904562,Manhattan ,Cloudy ,Slowpoke,75,45,43.39,water,psychic,1.17,"New York, NY"
2PS ,23904562,Manhattan ,Cloudy ,Spoink,16,14,31.1,psychic,N/A,0.74,"New York, NY"
2PS ,23904562,Manhattan ,Cloudy ,Slowpoke,48,34,29.46,water,psychic,1.08,"New York, NY"
2PS ,23904562,Manhattan ,Cloudy ,Charmander ,12,12,13.65,fire ,N/A,0.77,"New York, NY"
4PS,23925061,Bronx,Partly Cloudy,Bulbasaur,658,12,9.09,Grass,Poison,0.78,"New York, NY, United States"
4PS,23925061,Bronx,Partly Cloudy,Lunatone,98,68,117.22,Rock,Psychic,0.8,"New York, NY, United States"
4PS,23925061,Bronx,Partly Cloudy,Solrock,426,77,269.95,Rock,Psychic,1.53,"New York, NY, United States"
4PS,23925061,Bronx,Partly Cloudy,Aron,68,54,37.84,Steel,Rock,0.35,"New York, NY, United States"
4PS,23925061,Bronx,Partly Cloudy,Pikipek,128,39,1.03,Normal,Flying,0.31,"New York, NY, United States"
4PS,23925061,Bronx,Partly Cloudy,Solrock,89,82,117.2,Rock,Psychic,0.97,"New York, NY, United States"
4PS,23925061,Bronx,Partly Cloudy,Lunatone,318,83,166.08,Rock,Psychic,0.97,"New York, NY, United States"
2PS,23929189,Manhattan ,Rainy,charmander,12,12,8.31,N/A,fire,0.51,"New York, NY"
2PS,23929189,Manhattan ,Rainy,abra,48,15,16.01,Psychic,N/A,0.75,"New York, NY"
2PS,23929189,Manhattan ,Rainy,natu,45,20,3.06,psychic,flying,0.24,"New York, NY"
2PS,23929189,Manhattan ,Rainy,Snubbull,242,60,7.26,fairy,N/A,0.58,"New York, NY"
2PS,23929189,Manhattan ,Rainy,drowzee,11,14,28.92,psychic,N/A,0.97,"New York, NY"
2PS,23929189,Manhattan ,Rainy,elgyem,130,37,10.27,psychic,N/A,0.54,"New York, NY"
2PS,23929189,Manhattan ,Rainy,ralts,108,39,4.37,psychic,fairy,0.38,"New York, NY"
2PS,23929189,Manhattan ,Rainy,evee,42,25,10.25,normal,N/A,0.35,"New York, NY"
2PS,23929189,Manhattan ,Rainy,Slowpoke,117,54,37.36,water ,psychic,1.32,"New York, NY"
2PS,23929189,Manhattan ,Rainy,ralts,21,17,6.72,psychic,fairy,0.39,"New York, NY"
2PS,23929189,Manhattan ,Rainy,abra,165,29,15.94,psychic,N/A,0.88,"New York, NY"
2PS,23929189,Manhattan ,Rainy,gothita,35,21,6.31,psychic,N/A,0.43,"New York, NY"
2PS,23929189,Manhattan ,Rainy,drowzee,69,34,22.25,psychic,N/A,0.82,"New York, NY"
2PS,23929189,Manhattan ,Rainy,kirlia,39,21,20.58,psychic,fairy,0.8,"New York, NY"
2PS,23929189,Manhattan ,Rainy,natu,130,39,1.67,psychic,flying,0.2,"New York, NY"
2PS,23929189,Manhattan ,Rainy,abra,94,22,18.31,psychic,N/A,0.96,"New York, NY"
2PS,23931764,Brookyn,Sunny,Squirtle,12,12,12.14,Water,N/A,0.54,"New York, NY, United States"
2PS,23931764,Brookyn,Sunny,Sandshrew,225,50,7.98,Ground,N/A,0.55,"New York, NY, United States"
2PS,23931764,Brookyn,Sunny,Ampharos,111,34,55.33,Electric,N/A,1.34,"New York, NY, United States"
2PS,23931764,Brookyn,Sunny,Starly,51,29,0.95,Normal,Flying,0.22,"New York, NY, United States"
2PS,23931764,Brookyn,Sunny,Wooper,138,57,9.04,Water,Ground,0.43,"New York, NY, United States"
2PS,23931764,Brookyn,Sunny,Sandshrew,180,45,10.43,Ground,N/A,0.53,"New York, NY, United States"
2PS,23931764,Brookyn,Sunny,Seedot,94,45,2.48,Grass,N/A,0.42,"New York, NY, United States"
2PS,23931764,Brookyn,Sunny,Bellsprout,219,57,4.26,Grass,Poison,0.73,"New York, NY, United States"
2PS,23931764,Brookyn,Sunny,Bellsprout,152,47,4.46,Grass,Poison,0.69,"New York, NY, United States"
2PS,23931764,Brookyn,Sunny,Starly,62,34,2.15,Normal,Flying,0.31,"New York, NY, United States"
2PS,23931764,Brookyn,Sunny,Makuhita,94,51,87.93,Fighting,N/A,1.01,"New York, NY, United States"
2PS,23931764,Brookyn,Sunny,Tangela,415,62,36.59,Grass,N/A,0.98,"New York, NY, United States"
2PS,23931764,Brookyn,Sunny,Eevee,12,14,6.84,Normal,N/A,0.34,"New York, NY, United States"
2PS,23931764,Brookyn,Sunny,Stufful,197,57,6.37,Normal,Fighting,0.5,"New York, NY, United States"
2PS,23931764,Brookyn,Sunny,Electrike,94,32,12.08,Electric,N/A,0.67,"New York, NY, United States"
2PS,23931764,Brookyn,Sunny,Trapinch,329,57,7.84,Ground,N/A,0.67,"New York, NY, United States"
2PS,23931764,Brookyn,Sunny,Mareep,12,14,6.57,Electric,N/A,0.51,"New York, NY, United States"
2PS,23931764,Brookyn,Sunny,Sandshrew,297,56,10.22,Ground,N/A,0.6,"New York, NY, United States"
2PS,23931764,Brookyn,Sunny,Totodile,109,38,5.28,Water,N/A,0.45,"New York, NY, United States"
2PS,23931764,Brookyn,Sunny,Wimpod,10,10,11.19,Bug,Water,0.49,"New York, NY, United States"
2PS,23931764,Brookyn,Sunny,Goldeen,73,29,11.72,Water,N/A,0.55,"New York, NY, United States"
2PS,23931764,Brookyn,Sunny,Sentret,22,19,4.75,Normal,N/A,0.76,"New York, NY, United States"
2PS,23931764,Brookyn,Sunny,Makuhita,92,52,69.16,Fighting,N/A,0.88,"New York, NY, United States"
2PS,23931764,Brookyn,Sunny,Sunkern,92,43,1.98,Grass,N/A,0.33,"New York, NY, United States"
2PS,23931764,Brookyn,Sunny,Chikorita,235,58,7.75,Grass,N/A,0.96,"New York, NY, United States"
4PS,23966294,Queens,Rainy,Charmander,12,12,8.24,Fire,N/A,0.58,"New York, New York"
4PS,23966294,Queens,Rainy,Pidgeotto,15,15,24.64,Normal,Flying,0.99,"New York, New York"
4PS,23966294,Queens,Rainy,Ralts,33,23,8.4,Psychic,Fairy,0.43,"New York, New York"
4PS,23966294,Queens,Rainy,Scyther,494,62,59.08,Bug,Flying,1.7,"New York, New York"
4PS,23966294,Queens,Rainy,Kadabra,26,11,47.76,Psychic,N/A,1.28,"New York, New York"
4PS,23966294,Queens,Rainy,Swinub,10,13,10.19,Ice,Ground,0.49,"New York, New York"
4PS,23966294,Queens,Rainy,Helioptile,156,45,6.21,Electric,Normal,0.52,"New York, New York"
4PS,23966294,Queens,Rainy,Kakuna,13,22,17.23,Bug,Poison,0.77,"New York, New York"
4PS,23966294,Queens,Rainy,Eevee,121,44,4.07,Normal,N/A,0.25,"New York, New York"
4PS,23966294,Queens,Rainy,Wingull,207,56,7.36,Water,Flying,0.56,"New York, New York"
4PS,23966294,Queens,Rainy,Duskull,67,21,17.35,Ghost,N/A,0.83,"New York, New York"
4PS,23966294,Queens,Rainy,Seadra,28,14,32.61,Water,N/A,1.28,"New York, New York"
4PS,23966294,Queens,Rainy,Panpour,139,47,13.79,Water,N/A,0.63,"New York, New York"
4PS,23966294,Queens,Rainy,Litwick,85,35,3.89,Ghost,Water,0.31,"New York, New York"
4PS,23966294,Queens,Rainy,Rhyhorn,165,49,89.39,Ground,Rock,0.77,"New York, New York"
4PS,23966294,Queens,Rainy,Wailmer,174,84,113.38,Water,N/A,1.84,"New York, New York"
4PS,23966294,Queens,Rainy,Doduo,284,48,34.66,Normal,Flying,1.26,"New York, New York"
4PS,23966294,Queens,Rainy,Haunter,129,28,0.09,Ghost,Poison,1.44,"New York, New York"
4PS,23966294,Queens,Rainy,Tynamo,52,26,0.28,Electric,N/A,0.2,"New York, New York"
4PS,23966294,Queens,Rainy,Spearow,10,11,2.11,Normal,Flying,0.29,"New York, New York"
4PS,23979827,Bronx,Clear (Night),Maril,14,29,7.76,Water,Fairy,0.4,"New York, NY, United States"
4PS,23979827,Bronx,Clear (Night),Aron,52,23,54.32,Steel,Rock,0.42,"New York, NY, United States"
4PS,23979827,Bronx,Clear (Night),Bronzor,40,34,55.94,Steel,Psychic,0.46,"New York, NY, United States"
4PS,23979827,Bronx,Clear (Night),Bellsprout,274,59,3.07,Grass,Poison,0.71,"New York, NY, United States"
4PS,23979827,Bronx,Clear (Night),Snubbul,16,15,8.48,Fairy,N/A,0.6,"New York, NY, United States"
4PS,23979827,Bronx,Clear (Night),Starly,64,32,1.62,Normal,Flying,0.28,"New York, NY, United States"
4PS,23979827,Bronx,Clear (Night),Magnemite,54,17,5.34,Electric,Steel,0.27,"New York, NY, United States"
4PS,23979827,Bronx,Clear (Night),Oddish,368,61,8.3,Grass,Poison,0.6,"New York, NY, United States"
4PS,23979827,Bronx,Clear (Night),Seviper,272,54,61.51,Poison,N/A,3.04,"New York, NY, United States"
4PS,23979827,Bronx,Clear (Night),Aron,88,32,77.26,Steel,Rock,0.49,"New York, NY, United States"
4PS,23979827,Bronx,Clear (Night),Hoothoot,27,28,12.4,Normal,Flying,0.6,"New York, NY, United States"
4PS,23979827,Bronx,Clear (Night),Lotad,128,47,2.21,Water,Grass,0.45,"New York, NY, United States"
4PS,23979827,Bronx,Clear (Night),Bellsprout,179,51,5.86,Grass,Poison,0.89,"New York, NY, United States"
4PS,23979827,Bronx,Clear (Night),Makuhita,10,17,100.65,Fighting,N/A,1.1,"New York, NY, United States"
4PS,23979827,Bronx,Clear (Night),Zigzagoon,32,25,15.63,Normal,N/A,0.39,"New York, NY, United States"
4PS,23979827,Bronx,Clear (Night),Maril,84,69,8.33,Water,Fairy,0.44,"New York, NY, United States"
4PS,23979827,Bronx,Clear (Night),Yanma,312,63,41.09,Bug,Flying,1.32,"New York, NY, United States"
4PS,23979827,Bronx,Clear (Night),Buneary,218,52,7.82,Normal,N/A,0.45,"New York, NY, United States"
4PS,23979827,Bronx,Clear (Night),Barboach,235,64,2.67,Water,Ground,0.46,"New York, NY, United States"
4PS,23979827,Bronx,Clear (Night),Bellsprout,395,75,4.45,Grass,Poison,0.74,"New York, NY, United States"
4PS,23979827,Bronx,Clear (Night),Starly,84,35,2.21,Normal,Flying,0.32,"New York, NY, United States"
4PS,23979827,Bronx,Clear (Night),Bouffalant,421,69,88.92,Normal,N/A,1.59,"New York, NY, United States"
4PS,23979827,Bronx,Clear (Night),Seaking,91,32,55.36,Water,N/A,1.53,"New York, NY, United States"
4PS,23979827,Bronx,Clear (Night),Sceptile,499,61,41.59,Grass,N/A,1.62,"New York, NY, United States"
2PS,23988213,Manhattan,Rainy,Bulbasaur,14,12,8.28,Gas,Poison,0.78,"New York, NY"
2PS,23988213,Manhattan,Rainy,Spoink,17,15,45.08,Psychic ,N/A,0.83,"New York, NY"
2PS,23988213,Manhattan,Rainy,Drowzee,12,14,36.8,Psychic ,N/A,1.04,"New York, NY"
2PS,23988213,Manhattan,Rainy,Drowzee,64,34,40.61,Psychic ,N/A,1.07,"New York, NY"
2PS,23988213,Manhattan,Rainy,Kadabra,152,29,50.16,Psychic ,N/A,1.19,"New York, NY"
2PS,23988213,Manhattan,Rainy,Ditto,58,31,4.04,Normal,N/A,0.34,"New York, NY"
2PS,23988213,Manhattan,Rainy,Gothita,68,29,6.49,Psychic ,N/A,0.44,"New York, NY"
2PS,23988213,Manhattan,Rainy,Natu,46,21,1.63,Psychic ,Flying,0.2,"New York, NY"
2PS,23988213,Manhattan,Rainy,Drowzee,14,15,15.88,Psychic ,N/A,0.76,"New York, NY"
2PS,23988213,Manhattan,Rainy,Slowpoke,295,85,28.05,Water,Psychic,1.1,"New York, NY"
2PS,23988213,Manhattan,Rainy,Abra,93,21,15.1,Psychic ,N/A,0.83,"New York, NY"
2PS,23988213,Manhattan,Rainy,Meditite,48,23,7.29,Fighting,Psychic,0.52,"New York, NY"
2PS,23988213,Manhattan,Rainy,Solosis,164,40,0.8,Psychic ,N/A,0.31,"New York, NY"
2PS,23988213,Manhattan,Rainy,Slowpoke,150,64,34.82,Water,Psychic,1.26,"New York, NY"
2PS,23988213,Manhattan,Rainy,Ralts,133,45,5.49,Psychic ,Fairy,0.35,"New York, NY"
2PS,23988213,Manhattan,Rainy,Abra,54,17,22.14,Psychic ,N/A,1.03,"New York, NY"
2PS,23988213,Manhattan,Rainy,Woobat,114,47,3.31,Psychic ,Flying,0.48,"New York, NY"
2PS,23988213,Manhattan,Rainy,Bouffalant,120,38,98.42,Normal,N/A,1.61,"New York, NY"
2PS,23988213,Manhattan,Rainy,Linoone,247,63,41.28,Normal,N/A,0.51,"New York, NY"
2PS,23988213,Manhattan,Rainy,Spoink,17,15,13.88,Psychic ,N/A,0.51,"New York, NY"
2PS,23988213,Manhattan,Rainy,Drowzee,160,53,47.01,Psychic ,N/A,1.26,"New York, NY"
1EG,24058962,Queens,Partly Cloudy,Woobat,121,47,1.69,Psychic,Flying,0.36,"New York, NY, United States"
1EG,24058962,Queens,Partly Cloudy,Froakie,142,41,10.79,Water,N/A,0.35,"New York, NY, United States"
1EG,24058962,Queens,Partly Cloudy,Elgyem,56,25,9.04,Psychic,N/A,0.44,"New York, NY, United States"
1EG,24058962,Queens,Partly Cloudy,Woobat,182,57,2.48,Psychic,Flying,0.42,"New York, NY, United States"
1EG,24058962,Queens,Partly Cloudy,Woobat,261,75,2.42,Psychic,Flying,0.44,"New York, NY, United States"
1EG,24058962,Queens,Partly Cloudy,Gothita,287,61,4.28,Psychic,N/A,0.38,"New York, NY, United States"
1EG,24058962,Queens,Partly Cloudy,Voltorb,306,58,7.77,Electric,N/A,0.49,"New York, NY, United States"
1EG,24058962,Queens,Partly Cloudy,Solosis,420,66,0.98,Psychic,N/A,0.3,"New York, NY, United States"
1EG,24058962,Queens,Partly Cloudy,Elgyem,98,33,14.79,Psychic,N/A,0.66,"New York, NY, United States"
1EG,24058962,Queens,Partly Cloudy,Woobat,38,28,1.71,Psychic,Flying,0.37,"New York, NY, United States"
1EG,24058962,Queens,Partly Cloudy,Slowpoke,183,68,47.49,Water,Psychic,1.43,"New York, NY, United States"
1EG,24058962,Queens,Partly Cloudy,Spoink,395,72,37.63,Psychic,N/A,0.78,"New York, NY, United States"
1EG,24058962,Queens,Partly Cloudy,Zigzagoon,102,47,16.45,Normal,N/A,0.38,"New York, NY, United States"
1EG,24058962,Queens,Partly Cloudy,Kadabra,484,48,55.17,Psychic,N/A,1.2,"New York, NY, United States"
1EG,24058962,Queens,Partly Cloudy,Abra,399,44,16.44,Psychic,N/A,0.8,"New York, NY, United States"
1EG,24058962,Queens,Partly Cloudy,Woobat,185,62,2.79,Psychic,Flying,0.46,"New York, NY, United States"
1EG,24058962,Queens,Partly Cloudy,Ralts,184,54,5.92,Psychic,Fairy,0.39,"New York, NY, United States"
1EG,24058962,Queens,Partly Cloudy,Ducklett,183,65,4.18,Water,Flying,0.45,"New York, NY, United States"
1EG,24058962,Queens,Partly Cloudy,Dedenne,775,95,2.05,Electric,Fairy,0.22,"New York, NY, United States"
1EG,24058962,Queens,Partly Cloudy,Abra,98,23,19.13,Psychic,N/A,0.85,"New York, NY, United States"
1EG,24058962,Queens,Partly Cloudy,Solosis,424,62,0.51,Psychic,N/A,0.21,"New York, NY, United States"
1EG,24058962,Queens,Partly Cloudy,Skorupi,162,41,11.43,Poison,Bug,0.77,"New York, NY, United States"
1EG,24058962,Queens,Partly Cloudy,Shiftry,150,45,64.59,Grass,Dark,1.42,"New York, NY, United States"
1EG,24058962,Queens,Partly Cloudy,Dedenne,714,90,1.63,Electric,Fairy,0.19,"New York, NY, United States"
1EG,24058962,Queens,Partly Cloudy,Slowpoke,347,97,43.96,Water,Psychic,1.36,"New York, NY, United States"
1EG,24058962,Queens,Partly Cloudy,Solosis,468,68,1.15,Psychic,N/A,0.33,"New York, NY, United States"
1EG,24058962,Queens,Partly Cloudy,Larvitar,39,23,46.49,Rock,Ground,0.55,"New York, NY, United States"
2PS,24071955,Manhattan,Rainy,Abra,16,10,16.38,Psychic ,N/A,0.88,"New York, NY"
2PS,24071955,Manhattan,Rainy,Abra,96,23,23.46,Psychic ,N/A,0.94,"New York, NY"
2PS,24071955,Manhattan,Rainy,Drowzee,65,34,45.3,Psychic ,N/A,1.09,"New York, NY"
2PS,24071955,Manhattan,Rainy,Spoink,17,15,35.53,Psychic ,N/A,0.79,"New York, NY"
2PS,24071955,Manhattan,Rainy,Spearow,10,11,3.03,Normal ,Flying,0.37,"New York, NY"
2PS,24071955,Manhattan,Rainy,Pikipek,59,24,1.23,Normal ,Flying,0.32,"New York, NY"
2PS,24071955,Manhattan,Rainy,Elgyem,89,31,8.21,Psychic ,N/A,0.5,"New York, NY"
2PS,24071955,Manhattan,Rainy,Spoink,87,34,32.04,Psychic ,N/A,0.73,"New York, NY"
2PS,24071955,Manhattan,Rainy,Jolteon,462,54,35.24,Electric,N/A,0.96,"New York, NY"
2PS,24071955,Manhattan,Rainy,Elgyem,18,14,10.71,Psychic ,N/A,0.51,"New York, NY"
2PS,24071955,Manhattan,Rainy,Slowpoke,216,75,21.29,Water,Psychic,0.93,"New York, NY"
2PS,24071955,Manhattan,Rainy,Ralts,52,26,5.78,Psychic ,Fairy,0.39,"New York, NY"
2PS,24071955,Manhattan,Rainy,Natu,41,21,1.97,Psychic ,Flying,0.2,"New York, NY"
1EG,24182877,Manhattan ,Rainy,Elgyem,87,31,5.4,Psychic ,N/A,0.42,"Fort Lee, New Jersey "
1EG,24182877,Manhattan,Rainy,Drowzee,13,15,51.9,Psychic,N/A,1.32,"Fort Lee, New Jersey "
1EG,24182877,Manhattan,Rainy,Squirtle,12,12,10.72,Water,N/A,0.51,"New York, NY "
1EG,24182877,Manhattan,Rainy,Natu,12,11,1.39,Psychic,Flying,0.15,"Fort Lee, New Jersey "
1EG,24182877,Manhattan,Rainy,Smeargle,10,13,59.57,Normal,N/A,1.25,"Fort Lee, New Jersey "
1EG,24182877,Queens ,Sunny,Drilbur,300,63,8.48,Ground,N/A,0.31,"New York, New York"
1EG,24182877,Queens ,Sunny,Woobat ,89,42,1.76,Psychic,Flying,0.37,"New York, New York"
1EG,24182877,Queens ,Sunny,Roggenrola ,81,33,20.75,Rock,N/A,0.45,"New York, New York"
1EG,24182877,Queens ,Sunny,Roggenrola ,76,31,13.6,Rock,N/A,0.39,"New York, New York"
1EG,24182877,Queens ,Sunny,Magnemite,132,25,5.51,Electric,Steel,0.28,"New York, New York"
2PS,24310672,Pomona,Rainy,Stufful,272,69,4.73,Normal,Fighting,0.37,"Pomona, New York"
2PS,24310672,Pomona,Rainy,Mudkip,43,25,7.99,Water,N/A,0.45,"Pomona, New York"
2PS,24310672,Pomona,Rainy,Fletchling,115,44,1.34,Normal,Flying,0.24,"Pomona, New York"
2PS,24310672,Pomona,Rainy,Grimer,53,34,40.13,Poison,N/A,1.07,"Pomona, New York"
2PS,24310672,Pomona,Rainy,Froakie,59,26,10.27,Water,N/A,0.36,"Pomona, New York"
2PS,24310672,Pomona,Rainy,Ducklett,53,34,7.64,Water,Flying,0.56,"Pomona, New York"
2PS,24310672,Pomona,Rainy,Yungoos,184,52,7.34,Normal,N/A,0.44,"Pomona, New York"
2PS,24310672,Pomona,Rainy,Starly,174,53,2.34,Normal,Flying,0.29,"Pomona, New York"
2PS,24310672,Pomona,Rainy,Natu,72,27,2.98,Psychic,Flying,0.26,"Pomona, New York"
2PS,24310672,Pomona,Rainy,Zigzagoon,10,11,16.37,Normal,N/A,0.37,"Pomona, New York"
2PS,24310672,Pomona,Rainy,Aron,16,13,93.27,Steel,Rock,0.5,"Pomona, New York"
2PS,24310672,Pomona,Rainy,Abra,223,32,17.55,Psychic,N/A,0.82,"Pomona, New York"
2PS,24310672,Pomona,Rainy,Slowpoke,193,70,30.22,Water,Psychic,1.15,"Pomona, New York"
2PS,24310672,Pomona,Rainy,Gothita,166,47,5.47,Psychic,N/A,0.44,"Pomona, New York"
2PS,24310672,Pomona,Rainy,Ralts,18,16,10.7,Psychic,Fairy,0.51,"Pomona, New York"
2PS,24310672,Pomona,Rainy,Woobat,42,27,2.03,Psychic,Flying,0.39,"Pomona, New York"
2PS,24310672,Pomona,Rainy,Elgyem,176,43,8.12,Psychic,N/A,0.52,"Pomona, New York"
2PS,24310672,Pomona,Rainy,Solosis,96,30,1.22,Psychic,N/A,0.33,"Pomona, New York"
2PS,24310672,Pomona,Rainy,Spoink,16,14,31.35,Psychic,N/A,0.71,"Pomona, New York"
2PS,24310672,Pomona,Rainy,Cyndaquil,148,37,7.63,Fire,N/A,0.5,"Pomona, New York"
2PS,24310672,Pomona,Rainy,Voltorb,268,55,7.81,Electric,N/A,0.43,"Pomona, New York"
2PS,24310672,Pomona,Rainy,Seedot,91,43,5.56,Grass,N/A,0.6,"Pomona, New York"
2PS,24310672,Pomona,Rainy,Munna,137,54,20.25,Psychic,N/A,0.57,"Pomona, New York"
2PS,24310672,Pomona,Rainy,Drowzee,37,25,33.82,Psychic,N/A,0.97,"Pomona, New York"
2PS,24310672,Pomona,Rainy,Makuhita,29,29,94.15,Fighting,N/A,1.01,"Pomona, New York"
2PS,24310672,Pomona,Rainy,Weepinbell,19,15,6.49,Grass,Poison,1.02,"Pomona, New York"
2PS,24310672,Pomona,Rainy,Magikarp,10,10,6.25,Water,N/A,0.75,"Pomona, New York"
4PS,24109154,Manhattan,Cloudy ,Bulbasaur,14,12,6.87,Grass,Poison,0.71,"NY, USA"
4PS,24109154,Manhattan ,Cloudy ,Prinplup,67,28,27.18,Water,N/A,0.88,"NY, USA"
4PS,24109154,Manhattan ,Cloudy ,Linoone,117,42,71.87,Normal,N/A,0.74,"NY, USA"
4PS,24109154,Manhattan,Cloudy ,Ekans,11,11,10.04,Poison,N/A,2.46,"NY, USA"
4PS,24109154,Manhattan,Cloudy ,Cottonee,124,43,0.69,Grass,Fairy,0.28,"NY, USA"
4PS,24109154,Manhattan,Cloudy ,Magnemite,131,25,9.1,Electric,Steel,0.36,"NY, USA"
4PS,24109154,Manhattan,Cloudy ,Eevee,73,33,5.17,Normal,N/A,0.25,"NY, USA"
4PS,24109154,Manhattan,Cloudy ,Lotad,130,47,1.62,Water,Grass,0.43,"NY, USA"
4PS,24109154,Manhattan,Cloudy ,Lairon,25,14,118.37,Steel,Rock,0.9,"NY, USA"
4PS,24109154,Manhattan,Cloudy ,Meowth,10,12,2.77,Normal,N/A,0.32,"NY, USA"
4PS,24109154,Manhattan,Cloudy ,Cacnea,323,62,50.13,Grass,N/A,0.39,"NY, USA"
4PS,24109154,Manhattan,Cloudy ,Blitzle,103,38,33.61,Electric,N/A,0.89,"NY, USA"
4PS,24109154,Manhattan,Cloudy ,Stunky,49,28,21.61,Poison,Dark,0.44,"NY, USA"
4PS,24109154,Manhattan ,Cloudy ,Grotle,495,80,149.63,Grass,N/A,1.35,"NY, USA"
4PS,24109154,Manhattan ,Cloudy ,Eknas,10,10,6.43,Poison,N/A,2.04,"NY, USA"
4PS,24109154,Manhattan ,Cloudy ,Electrike,89,31,26.41,Electric,N/A,0.7,"NY, USA"