F,Ndex,Pokemon,type_1,type_2
I,1,Bulbasaur,Grass,Poison
I,2,Ivysaur,Grass,Poison
I,3,Venusaur,Grass,Poison
I,4,Charmander,Fire,
I,5,Charmeleon,Fire,
I,6,Charizard,Fire,Flying
I,7,Squirtle,Water,
I,8,Wartortle,Water,
I,9,Blastoise,Water,
I,10,Caterpie,Bug,
I,11,Metapod,Bug,
I,12,Butterfree,Bug,Flying
I,13,Weedle,Bug,Poison
I,14,Kakuna,Bug,Poison
I,15,Beedrill,Bug,Poison
I,16,Pidgey,Normal,Flying
I,17,Pidgeotto,Normal,Flying
I,18,Pidgeot,Normal,Flying
I,19,Rattata,Normal,
I,19,Rattata,Dark,Normal
I,20,Raticate,Normal,
I,20,Raticate,Dark,Normal
I,21,Spearow,Normal,Flying
I,22,Fearow,Normal,Flying
I,23,Ekans,Poison,
I,24,Arbok,Poison,
I,25,Pikachu,Electric,
I,26,Raichu,Electric,
I,26,Raichu,Electric,Psychic
I,27,Sandshrew,Ground,
I,27,Sandshrew,Ice,Steel
I,28,Sandslash,Ground,
I,28,Sandslash,Ice,Steel
I,29,Nidoran♀,Poison,
I,30,Nidorina,Poison,
I,31,Nidoqueen,Poison,Ground
I,32,Nidoran♂,Poison,
I,33,Nidorino,Poison,
I,34,Nidoking,Poison,Ground
I,35,Clefairy,Fairy,
I,36,Clefable,Fairy,
I,37,Vulpix,Fire,
I,37,Vulpix,Ice,
I,38,Ninetales,Fire,
I,38,Ninetales,Ice,Fairy
I,39,Jigglypuff,Normal,Fairy
I,40,Wigglytuff,Normal,Fairy
I,41,Zubat,Poison,Flying
I,42,Golbat,Poison,Flying
I,43,Oddish,Grass,Poison
I,44,Gloom,Grass,Poison
I,45,Vileplume,Grass,Poison
I,46,Paras,Bug,Grass
I,47,Parasect,Bug,Grass
I,48,Venonat,Bug,Poison
I,49,Venomoth,Bug,Poison
I,50,Diglett,Ground,
I,50,Diglett,Ground,Steel
I,51,Dugtrio,Ground,
I,51,Dugtrio,Ground,Steel
I,52,Meowth,Normal,
I,52,Meowth,Dark,
I,52,Meowth,Steel,
I,53,Persian,Normal,
I,53,Persian,Dark,
I,54,Psyduck,Water,
I,55,Golduck,Water,
I,56,Mankey,Fighting,
I,57,Primeape,Fighting,
I,58,Growlithe,Fire,
I,59,Arcanine,Fire,
I,60,Poliwag,Water,
I,61,Poliwhirl,Water,
I,62,Poliwrath,Water,Fighting
I,63,Abra,Psychic,
I,64,Kadabra,Psychic,
I,65,Alakazam,Psychic,
I,66,Machop,Fighting,
I,67,Machoke,Fighting,
I,68,Machamp,Fighting,
I,69,Bellsprout,Grass,Poison
I,70,Weepinbell,Grass,Poison
I,71,Victreebel,Grass,Poison
I,72,Tentacool,Water,Poison
I,73,Tentacruel,Water,Poison
I,74,Geodude,Rock,Ground
I,74,Geodude,Rock,Electric
I,75,Graveler,Rock,Ground
I,75,Graveler,Rock,Electric
I,76,Golem,Rock,Ground
I,76,Golem,Rock,Electric
I,77,Ponyta,Fire,
I,77,Ponyta,Psychic,
I,78,Rapidash,Fire,
I,78,Rapidash,Psychic,Fairy
I,79,Slowpoke,Water,Psychic
I,79,Slowpoke,Psychic,
I,80,Slowbro,Water,Psychic
I,80,Slowbro,Poison,Psychic
I,81,Magnemite,Electric,Steel
I,82,Magneton,Electric,Steel
I,83,Farfetch'd,Normal,Flying
I,83,Farfetch'd,Fighting,
I,84,Doduo,Normal,Flying
I,85,Dodrio,Normal,Flying
I,86,Seel,Water,
I,87,Dewgong,Water,Ice
I,88,Grimer,Poison,
I,88,Grimer,Poison,Dark
I,89,Muk,Poison,
I,89,Muk,Poison,Dark
I,90,Shellder,Water,
I,91,Cloyster,Water,Ice
I,92,Gastly,Ghost,Poison
I,93,Haunter,Ghost,Poison
I,94,Gengar,Ghost,Poison
I,95,Onix,Rock,Ground
I,96,Drowzee,Psychic,
I,97,Hypno,Psychic,
I,98,Krabby,Water,
I,99,Kingler,Water,
I,100,Voltorb,Electric,
I,101,Electrode,Electric,
I,102,Exeggcute,Grass,Psychic
I,103,Exeggutor,Grass,Psychic
I,103,Exeggutor,Grass,Dragon
I,104,Cubone,Ground,
I,105,Marowak,Ground,
I,105,Marowak,Fire,Ghost
I,106,Hitmonlee,Fighting,
I,107,Hitmonchan,Fighting,
I,108,Lickitung,Normal,
I,109,Koffing,Poison,
I,110,Weezing,Poison,
I,110,Weezing,Poison,Fairy
I,111,Rhyhorn,Ground,Rock
I,112,Rhydon,Ground,Rock
I,113,Chansey,Normal,
I,114,Tangela,Grass,
I,115,Kangaskhan,Normal,
I,116,Horsea,Water,
I,117,Seadra,Water,
I,118,Goldeen,Water,
I,119,Seaking,Water,
I,120,Staryu,Water,
I,121,Starmie,Water,Psychic
I,122,Mr. Mime,Psychic,Fairy
I,122,Mr. Mime,Ice,Psychic
I,123,Scyther,Bug,Flying
I,124,Jynx,Ice,Psychic
I,125,Electabuzz,Electric,
I,126,Magmar,Fire,
I,127,Pinsir,Bug,
I,128,Tauros,Normal,
I,129,Magikarp,Water,
I,130,Gyarados,Water,Flying
I,131,Lapras,Water,Ice
I,132,Ditto,Normal,
I,133,Eevee,Normal,
I,134,Vaporeon,Water,
I,135,Jolteon,Electric,
I,136,Flareon,Fire,
I,137,Porygon,Normal,
I,138,Omanyte,Rock,Water
I,139,Omastar,Rock,Water
I,140,Kabuto,Rock,Water
I,141,Kabutops,Rock,Water
I,142,Aerodactyl,Rock,Flying
I,143,Snorlax,Normal,
I,144,Articuno,Ice,Flying
I,144,Articuno,Psychic,Flying
I,145,Zapdos,Electric,Flying
I,145,Zapdos,Fighting,Flying
I,146,Moltres,Fire,Flying
I,146,Moltres,Dark,Flying
I,147,Dratini,Dragon,
I,148,Dragonair,Dragon,
I,149,Dragonite,Dragon,Flying
I,150,Mewtwo,Psychic,
I,151,Mew,Psychic,
II,152,Chikorita,Grass,
II,153,Bayleef,Grass,
II,154,Meganium,Grass,
II,155,Cyndaquil,Fire,
II,156,Quilava,Fire,
II,157,Typhlosion,Fire,
II,158,Totodile,Water,
II,159,Croconaw,Water,
II,160,Feraligatr,Water,
II,161,Sentret,Normal,
II,162,Furret,Normal,
II,163,Hoothoot,Normal,Flying
II,164,Noctowl,Normal,Flying
II,165,Ledyba,Bug,Flying
II,166,Ledian,Bug,Flying
II,167,Spinarak,Bug,Poison
II,168,Ariados,Bug,Poison
II,169,Crobat,Poison,Flying
II,170,Chinchou,Water,Electric
II,171,Lanturn,Water,Electric
II,172,Pichu,Electric,
II,173,Cleffa,Fairy,
II,174,Igglybuff,Normal,Fairy
II,175,Togepi,Fairy,
II,176,Togetic,Fairy,Flying
II,177,Natu,Psychic,Flying
II,178,Xatu,Psychic,Flying
II,179,Mareep,Electric,
II,180,Flaaffy,Electric,
II,181,Ampharos,Electric,
II,182,Bellossom,Grass,
II,183,Marill,Water,Fairy
II,184,Azumarill,Water,Fairy
II,185,Sudowoodo,Rock,
II,186,Politoed,Water,
II,187,Hoppip,Grass,Flying
II,188,Skiploom,Grass,Flying
II,189,Jumpluff,Grass,Flying
II,190,Aipom,Normal,
II,191,Sunkern,Grass,
II,192,Sunflora,Grass,
II,193,Yanma,Bug,Flying
II,194,Wooper,Water,Ground
II,195,Quagsire,Water,Ground
II,196,Espeon,Psychic,
II,197,Umbreon,Dark,
II,198,Murkrow,Dark,Flying
II,199,Slowking,Water,Psychic
II,199,Slowking,???,
II,200,Misdreavus,Ghost,
II,201,Unown,Psychic,
II,202,Wobbuffet,Psychic,
II,203,Girafarig,Normal,Psychic
II,204,Pineco,Bug,
II,205,Forretress,Bug,Steel
II,206,Dunsparce,Normal,
II,207,Gligar,Ground,Flying
II,208,Steelix,Steel,Ground
II,209,Snubbull,Fairy,
II,210,Granbull,Fairy,
II,211,Qwilfish,Water,Poison
II,212,Scizor,Bug,Steel
II,213,Shuckle,Bug,Rock
II,214,Heracross,Bug,Fighting
II,215,Sneasel,Dark,Ice
II,216,Teddiursa,Normal,
II,217,Ursaring,Normal,
II,218,Slugma,Fire,
II,219,Magcargo,Fire,Rock
II,220,Swinub,Ice,Ground
II,221,Piloswine,Ice,Ground
II,222,Corsola,Water,Rock
II,222,Corsola,Ghost,
II,223,Remoraid,Water,
II,224,Octillery,Water,
II,225,Delibird,Ice,Flying
II,226,Mantine,Water,Flying
II,227,Skarmory,Steel,Flying
II,228,Houndour,Dark,Fire
II,229,Houndoom,Dark,Fire
II,230,Kingdra,Water,Dragon
II,231,Phanpy,Ground,
II,232,Donphan,Ground,
II,233,Porygon2,Normal,
II,234,Stantler,Normal,
II,235,Smeargle,Normal,
II,236,Tyrogue,Fighting,
II,237,Hitmontop,Fighting,
II,238,Smoochum,Ice,Psychic
II,239,Elekid,Electric,
II,240,Magby,Fire,
II,241,Miltank,Normal,
II,242,Blissey,Normal,
II,243,Raikou,Electric,
II,244,Entei,Fire,
II,245,Suicune,Water,
II,246,Larvitar,Rock,Ground
II,247,Pupitar,Rock,Ground
II,248,Tyranitar,Rock,Dark
II,249,Lugia,Psychic,Flying
II,250,Ho-Oh,Fire,Flying
II,251,Celebi,Psychic,Grass
III,252,Treecko,Grass,
III,253,Grovyle,Grass,
III,254,Sceptile,Grass,
III,255,Torchic,Fire,
III,256,Combusken,Fire,Fighting
III,257,Blaziken,Fire,Fighting
III,258,Mudkip,Water,
III,259,Marshtomp,Water,Ground
III,260,Swampert,Water,Ground
III,261,Poochyena,Dark,
III,262,Mightyena,Dark,
III,263,Zigzagoon,Normal,
III,263,Zigzagoon,Dark,Normal
III,264,Linoone,Normal,
III,264,Linoone,Dark,Normal
III,265,Wurmple,Bug,
III,266,Silcoon,Bug,
III,267,Beautifly,Bug,Flying
III,268,Cascoon,Bug,
III,269,Dustox,Bug,Poison
III,270,Lotad,Water,Grass
III,271,Lombre,Water,Grass
III,272,Ludicolo,Water,Grass
III,273,Seedot,Grass,
III,274,Nuzleaf,Grass,Dark
III,275,Shiftry,Grass,Dark
III,276,Taillow,Normal,Flying
III,277,Swellow,Normal,Flying
III,278,Wingull,Water,Flying
III,279,Pelipper,Water,Flying
III,280,Ralts,Psychic,Fairy
III,281,Kirlia,Psychic,Fairy
III,282,Gardevoir,Psychic,Fairy
III,283,Surskit,Bug,Water
III,284,Masquerain,Bug,Flying
III,285,Shroomish,Grass,
III,286,Breloom,Grass,Fighting
III,287,Slakoth,Normal,
III,288,Vigoroth,Normal,
III,289,Slaking,Normal,
III,290,Nincada,Bug,Ground
III,291,Ninjask,Bug,Flying
III,292,Shedinja,Bug,Ghost
III,293,Whismur,Normal,
III,294,Loudred,Normal,
III,295,Exploud,Normal,
III,296,Makuhita,Fighting,
III,297,Hariyama,Fighting,
III,298,Azurill,Normal,Fairy
III,299,Nosepass,Rock,
III,300,Skitty,Normal,
III,301,Delcatty,Normal,
III,302,Sableye,Dark,Ghost
III,303,Mawile,Steel,Fairy
III,304,Aron,Steel,Rock
III,305,Lairon,Steel,Rock
III,306,Aggron,Steel,Rock
III,307,Meditite,Fighting,Psychic
III,308,Medicham,Fighting,Psychic
III,309,Electrike,Electric,
III,310,Manectric,Electric,
III,311,Plusle,Electric,
III,312,Minun,Electric,
III,313,Volbeat,Bug,
III,314,Illumise,Bug,
III,315,Roselia,Grass,Poison
III,316,Gulpin,Poison,
III,317,Swalot,Poison,
III,318,Carvanha,Water,Dark
III,319,Sharpedo,Water,Dark
III,320,Wailmer,Water,
III,321,Wailord,Water,
III,322,Numel,Fire,Ground
III,323,Camerupt,Fire,Ground
III,324,Torkoal,Fire,
III,325,Spoink,Psychic,
III,326,Grumpig,Psychic,
III,327,Spinda,Normal,
III,328,Trapinch,Ground,
III,329,Vibrava,Ground,Dragon
III,330,Flygon,Ground,Dragon
III,331,Cacnea,Grass,
III,332,Cacturne,Grass,Dark
III,333,Swablu,Normal,Flying
III,334,Altaria,Dragon,Flying
III,335,Zangoose,Normal,
III,336,Seviper,Poison,
III,337,Lunatone,Rock,Psychic
III,338,Solrock,Rock,Psychic
III,339,Barboach,,
III,340,Whiscash,Water,Ground
III,341,Corphish,Water,
III,342,Crawdaunt,Water,Dark
III,343,Baltoy,Ground,Psychic
III,344,Claydol,Ground,Psychic
III,345,Lileep,Rock,Grass
III,346,Cradily,Rock,Grass
III,347,Anorith,Rock,Bug
III,348,Armaldo,Rock,Bug
III,349,Feebas,Water,
III,350,Milotic,Water,
III,351,Castform,Normal,
III,351,Castform,Fire,
III,351,Castform,Water,
III,351,Castform,Ice,
III,352,Kecleon,Normal,
III,353,Shuppet,Ghost,
III,354,Banette,Ghost,
III,355,Duskull,Ghost,
III,356,Dusclops,Ghost,
III,357,Tropius,Grass,Flying
III,358,Chimecho,Psychic,
III,359,Absol,Dark,
III,360,Wynaut,Psychic,
III,361,Snorunt,Ice,
III,362,Glalie,Ice,
III,363,Spheal,Ice,Water
III,364,Sealeo,Ice,Water
III,365,Walrein,Ice,Water
III,366,Clamperl,Water,
III,367,Huntail,Water,
III,368,Gorebyss,Water,
III,369,Relicanth,Water,Rock
III,370,Luvdisc,Water,
III,371,Bagon,Dragon,
III,372,Shelgon,Dragon,
III,373,Salamence,Dragon,Flying
III,374,Beldum,Steel,Psychic
III,375,Metang,Steel,Psychic
III,376,Metagross,Steel,Psychic
III,377,Regirock,Rock,
III,378,Regice,Ice,
III,379,Registeel,Steel,
III,380,Latias,Dragon,Psychic
III,381,Latios,Dragon,Psychic
III,382,Kyogre,Water,
III,383,Groudon,Ground,
III,384,Rayquaza,Dragon,Flying
III,385,Jirachi,Steel,Psychic
III,386,Deoxys,Psychic,
III,386,Deoxys,Psychic,
III,386,Deoxys,Psychic,
III,386,Deoxys,Psychic,
IV,387,Turtwig,Grass,
IV,388,Grotle,Grass,
IV,389,Torterra,Grass,Ground
IV,390,Chimchar,Fire,
IV,391,Monferno,Fire,Fighting
IV,392,Infernape,Fire,Fighting
IV,393,Piplup,Water,
IV,394,Prinplup,Water,
IV,395,Empoleon,Water,Steel
IV,396,Starly,Normal,Flying
IV,397,Staravia,Normal,Flying
IV,398,Staraptor,Normal,Flying
IV,399,Bidoof,Normal,
IV,400,Bibarel,Normal,Water
IV,401,Kricketot,Bug,
IV,402,Kricketune,Bug,
IV,403,Shinx,Electric,
IV,404,Luxio,Electric,
IV,405,Luxray,Electric,
IV,406,Budew,Grass,Poison
IV,407,Roserade,Grass,Poison
IV,408,Cranidos,Rock,
IV,409,Rampardos,Rock,
IV,410,Shieldon,Rock,Steel
IV,411,Bastiodon,Rock,Steel
IV,412,Burmy,Bug,
IV,412,Burmy,Bug,
IV,412,Burmy,Bug,
IV,413,Wormadam,Bug,Grass
IV,413,Wormadam,Bug,Ground
IV,413,Wormadam,Bug,Steel
IV,414,Mothim,Bug,Flying
IV,415,Combee,Bug,Flying
IV,416,Vespiquen,Bug,Flying
IV,417,Pachirisu,Electric,
IV,418,Buizel,Water,
IV,419,Floatzel,Water,
IV,420,Cherubi,Grass,
IV,421,Cherrim,Grass,
IV,422,Shellos,Water,
IV,422,Shellos,Water,
IV,423,Gastrodon,Water,Ground
IV,423,Gastrodon,Water,Ground
IV,424,Ambipom,Normal,
IV,425,Drifloon,Ghost,Flying
IV,426,Drifblim,Ghost,Flying
IV,427,Buneary,Normal,
IV,428,Lopunny,Normal,
IV,429,Mismagius,Ghost,
IV,430,Honchkrow,Dark,Flying
IV,431,Glameow,Normal,
IV,432,Purugly,Normal,
IV,433,Chingling,Psychic,
IV,434,Stunky,Poison,Dark
IV,435,Skuntank,Poison,Dark
IV,436,Bronzor,Steel,Psychic
IV,437,Bronzong,Steel,Psychic
IV,438,Bonsly,Rock,
IV,439,Mime Jr.,Psychic,Fairy
IV,440,Happiny,Normal,
IV,441,Chatot,Normal,Flying
IV,442,Spiritomb,Ghost,Dark
IV,443,Gible,Dragon,Ground
IV,444,Gabite,Dragon,Ground
IV,445,Garchomp,Dragon,Ground
IV,446,Munchlax,Normal,
IV,447,Riolu,Fighting,
IV,448,Lucario,Fighting,Steel
IV,449,Hippopotas,Ground,
IV,450,Hippowdon,Ground,
IV,451,Skorupi,Poison,Bug
IV,452,Drapion,Poison,Dark
IV,453,Croagunk,Poison,Fighting
IV,454,Toxicroak,Poison,Fighting
IV,455,Carnivine,Grass,
IV,456,Finneon,Water,
IV,457,Lumineon,Water,
IV,458,Mantyke,Water,Flying
IV,459,Snover,Grass,Ice
IV,460,Abomasnow,Grass,Ice
IV,461,Weavile,Dark,Ice
IV,462,Magnezone,Electric,Steel
IV,463,Lickilicky,Normal,
IV,464,Rhyperior,Ground,Rock
IV,465,Tangrowth,Grass,
IV,466,Electivire,Electric,
IV,467,Magmortar,Fire,
IV,468,Togekiss,Fairy,Flying
IV,469,Yanmega,Bug,Flying
IV,470,Leafeon,Grass,
IV,471,Glaceon,Ice,
IV,472,Gliscor,Ground,Flying
IV,473,Mamoswine,Ice,Ground
IV,474,Porygon-Z,Normal,
IV,475,Gallade,Psychic,Fighting
IV,476,Probopass,Rock,Steel
IV,477,Dusknoir,Ghost,
IV,478,Froslass,Ice,Ghost
IV,479,Rotom,Electric,Ghost
IV,479,Rotom,Electric,Fire
IV,479,Rotom,Electric,Water
IV,479,Rotom,Electric,Ice
IV,479,Rotom,Electric,Flying
IV,479,Rotom,Electric,Grass
IV,480,Uxie,Psychic,
IV,481,Mesprit,Psychic,
IV,482,Azelf,Psychic,
IV,483,Dialga,Steel,Dragon
IV,484,Palkia,Water,Dragon
IV,485,Heatran,Fire,Steel
IV,486,Regigigas,Normal,
IV,487,Giratina,Ghost,Dragon
IV,487,Giratina,Ghost,Dragon
IV,488,Cresselia,Psychic,
IV,489,Phione,Water,
IV,490,Manaphy,Water,
IV,491,Darkrai,Dark,
IV,492,Shaymin,Grass,
IV,492,Shaymin,Grass,Flying
IV,493,Arceus,Normal,
V,494,Victini,Psychic,Fire
V,495,Snivy,Grass,
V,496,Servine,Grass,
V,497,Serperior,Grass,
V,498,Tepig,Fire,
V,499,Pignite,Fire,Fighting
V,500,Emboar,Fire,Fighting
V,501,Oshawott,Water,
V,502,Dewott,Water,
V,503,Samurott,Water,
V,504,Patrat,Normal,
V,505,Watchog,Normal,
V,506,Lillipup,Normal,
V,507,Herdier,Normal,
V,508,Stoutland,Normal,
V,509,Purrloin,Dark,
V,510,Liepard,Dark,
V,511,Pansage,Grass,
V,512,Simisage,Grass,
V,513,Pansear,Fire,
V,514,Simisear,Fire,
V,515,Panpour,Water,
V,516,Simipour,Water,
V,517,Munna,Psychic,
V,518,Musharna,Psychic,
V,519,Pidove,Normal,Flying
V,520,Tranquill,Normal,Flying
V,521,Unfezant,Normal,Flying
V,521,Unfezant,Normal,Flying
V,522,Blitzle,Electric,
V,523,Zebstrika,Electric,
V,524,Roggenrola,Rock,
V,525,Boldore,Rock,
V,526,Gigalith,Rock,
V,527,Woobat,Psychic,Flying
V,528,Swoobat,Psychic,Flying
V,529,Drilbur,Ground,
V,530,Excadrill,Ground,Steel
V,531,Audino,Normal,
V,532,Timburr,Fighting,
V,533,Gurdurr,Fighting,
V,534,Conkeldurr,Fighting,
V,535,Tympole,Water,
V,536,Palpitoad,Water,Ground
V,537,Seismitoad,Water,Ground
V,538,Throh,Fighting,
V,539,Sawk,Fighting,
V,540,Sewaddle,Bug,Grass
V,541,Swadloon,Bug,Grass
V,542,Leavanny,Bug,Grass
V,543,Venipede,Bug,Poison
V,544,Whirlipede,Bug,Poison
V,545,Scolipede,Bug,Poison
V,546,Cottonee,Grass,Fairy
V,547,Whimsicott,Grass,Fairy
V,548,Petilil,Grass,
V,549,Lilligant,Grass,
V,550,Basculin,Water,
V,550,Basculin,Water,
V,551,Sandile,Ground,Dark
V,552,Krokorok,Ground,Dark
V,553,Krookodile,Ground,Dark
V,554,Darumaka,Fire,
V,554,Darumaka,Ice,
V,555,Darmanitan,Fire,
V,555,Darmanitan,Fire,Psychic
V,555,Darmanitan,Ice,
V,555,Darmanitan,Ice,Fire
V,556,Maractus,Grass,
V,557,Dwebble,Bug,Rock
V,558,Crustle,Bug,Rock
V,559,Scraggy,Dark,Fighting
V,560,Scrafty,Dark,Fighting
V,561,Sigilyph,Psychic,Flying
V,562,Yamask,Ghost,
V,562,Yamask,Ground,Ghost
V,563,Cofagrigus,Ghost,
V,564,Tirtouga,Water,Rock
V,565,Carracosta,Water,Rock
V,566,Archen,Rock,Flying
V,567,Archeops,Rock,Flying
V,568,Trubbish,Poison,
V,569,Garbodor,Poison,
V,570,Zorua,Dark,
V,571,Zoroark,Dark,
V,572,Minccino,Normal,
V,573,Cinccino,Normal,
V,574,Gothita,Psychic,
V,575,Gothorita,Psychic,
V,576,Gothitelle,Psychic,
V,577,Solosis,Psychic,
V,578,Duosion,Psychic,
V,579,Reuniclus,Psychic,
V,580,Ducklett,Water,Flying
V,581,Swanna,Water,Flying
V,582,Vanillite,Ice,
V,583,Vanillish,Ice,
V,584,Vanilluxe,Ice,
V,585,Deerling,Normal,Grass
V,586,Sawsbuck,Normal,Grass
V,587,Emolga,Electric,Flying
V,588,Karrablast,Bug,
V,589,Escavalier,Bug,Steel
V,590,Foongus,Grass,Poison
V,591,Amoonguss,Grass,Poison
V,592,Frillish,Water,Ghost
V,592,Frillish,Water,Ghost
V,593,Jellicent,Water,Ghost
V,593,Jellicent,Water,Ghost
V,594,Alomomola,Water,
V,595,Joltik,Bug,Electric
V,596,Galvantula,Bug,Electric
V,597,Ferroseed,Grass,Steel
V,598,Ferrothorn,Grass,Steel
V,599,Klink,Steel,
V,600,Klang,Steel,
V,601,Klinklang,Steel,
V,602,Tynamo,Electric,
V,603,Eelektrik,Electric,
V,604,Eelektross,Electric,
V,605,Elgyem,Psychic,
V,606,Beheeyem,Psychic,
V,607,Litwick,Ghost,Fire
V,608,Lampent,Ghost,Fire
V,609,Chandelure,Ghost,Fire
V,610,Axew,Dragon,
V,611,Fraxure,Dragon,
V,612,Haxorus,Dragon,
V,613,Cubchoo,Ice,
V,614,Beartic,Ice,
V,615,Cryogonal,Ice,
V,616,Shelmet,Bug,
V,617,Accelgor,Bug,
V,618,Stunfisk,Ground,Electric
V,618,Stunfisk,Ground,Steel
V,619,Mienfoo,Fighting,
V,620,Mienshao,Fighting,
V,621,Druddigon,Dragon,
V,622,Golett,Ground,Ghost
V,623,Golurk,Ground,Ghost
V,624,Pawniard,Dark,Steel
V,625,Bisharp,Dark,Steel
V,626,Bouffalant,Normal,
V,627,Rufflet,Normal,Flying
V,628,Braviary,Normal,Flying
V,629,Vullaby,Dark,Flying
V,630,Mandibuzz,Dark,Flying
V,631,Heatmor,Fire,
V,632,Durant,Bug,Steel
V,633,Deino,Dark,Dragon
V,634,Zweilous,Dark,Dragon
V,635,Hydreigon,Dark,Dragon
V,636,Larvesta,Bug,Fire
V,637,Volcarona,Bug,Fire
V,638,Cobalion,Steel,Fighting
V,639,Terrakion,Rock,Fighting
V,640,Virizion,Grass,Fighting
V,641,Tornadus,Flying,
V,642,Thundurus,Electric,Flying
V,643,Reshiram,Dragon,Fire
V,644,Zekrom,Dragon,Electric
V,645,Landorus,Ground,Flying
V,646,Kyurem,Dragon,Ice
V,647,Keldeo,Water,Fighting
V,648,Meloetta,Normal,Psychic
V,648,Meloetta,Normal,Fighting
V,649,Genesect,Bug,Steel
VI,650,Chespin,Grass,
VI,651,Quilladin,Grass,
VI,652,Chesnaught,Grass,Fighting
VI,653,Fennekin,Fire,
VI,654,Braixen,Fire,
VI,655,Delphox,Fire,Psychic
VI,656,Froakie,Water,
VI,657,Frogadier,Water,
VI,658,Greninja,Water,Dark
VI,659,Bunnelby,Normal,
VI,660,Diggersby,Normal,Ground
VI,661,Fletchling,Normal,Flying
VI,662,Fletchinder,Fire,Flying
VI,663,Talonflame,Fire,Flying
VI,664,Scatterbug,Bug,
VI,665,Spewpa,Bug,
VI,666,Vivillon,Bug,Flying
VI,667,Litleo,Fire,Normal
VI,668,Pyroar,Fire,Normal
VI,669,Flabébé,Fairy,
VI,670,Floette,Fairy,
VI,671,Florges,Fairy,
VI,672,Skiddo,Grass,
VI,673,Gogoat,Grass,
VI,674,Pancham,Fighting,
VI,675,Pangoro,Fighting,Dark
VI,676,Furfrou,Normal,
VI,677,Espurr,Psychic,
VI,678,Meowstic,Psychic,
VI,679,Honedge,Steel,Ghost
VI,680,Doublade,Steel,Ghost
VI,681,Aegislash,Steel,Ghost
VI,682,Spritzee,Fairy,
VI,683,Aromatisse,Fairy,
VI,684,Swirlix,Fairy,
VI,685,Slurpuff,Fairy,
VI,686,Inkay,Dark,Psychic
VI,687,Malamar,Dark,Psychic
VI,688,Binacle,Rock,Water
VI,689,Barbaracle,Rock,Water
VI,690,Skrelp,Poison,Water
VI,691,Dragalge,Poison,Dragon
VI,692,Clauncher,Water,
VI,693,Clawitzer,Water,
VI,694,Helioptile,Electric,Normal
VI,695,Heliolisk,Electric,Normal
VI,696,Tyrunt,Rock,Dragon
VI,697,Tyrantrum,Rock,Dragon
VI,698,Amaura,Rock,Ice
VI,699,Aurorus,Rock,Ice
VI,700,Sylveon,Fairy,
VI,701,Hawlucha,Fighting,Flying
VI,702,Dedenne,Electric,Fairy
VI,703,Carbink,Rock,Fairy
VI,704,Goomy,Dragon,
VI,705,Sliggoo,Dragon,
VI,706,Goodra,Dragon,
VI,707,Klefki,Steel,Fairy
VI,708,Phantump,Ghost,Grass
VI,709,Trevenant,Ghost,Grass
VI,710,Pumpkaboo,Ghost,Grass
VI,711,Gourgeist,Ghost,Grass
VI,712,Bergmite,Ice,
VI,713,Avalugg,Ice,
VI,714,Noibat,Flying,Dragon
VI,715,Noivern,Flying,Dragon
VI,716,Xerneas,Fairy,
VI,717,Yveltal,Dark,Flying
VI,718,Zygarde,Dragon,Ground
VI,719,Diancie,Rock,Fairy
VI,720,Hoopa,Psychic,Ghost
VI,721,Volcanion,Fire,Water
VII,722,Rowlet,Grass,Flying
VII,723,Dartrix,Grass,Flying
VII,724,Decidueye,Grass,Ghost
VII,725,Litten,Fire,
VII,726,Torracat,Fire,
VII,727,Incineroar,Fire,Dark
VII,728,Popplio,Water,
VII,729,Brionne,Water,
VII,730,Primarina,Water,Fairy
VII,731,Pikipek,Normal,Flying
VII,732,Trumbeak,Normal,Flying
VII,733,Toucannon,Normal,Flying
VII,734,Yungoos,Normal,
VII,735,Gumshoos,Normal,
VII,736,Grubbin,Bug,
VII,737,Charjabug,Bug,Electric
VII,738,Vikavolt,Bug,Electric
VII,739,Crabrawler,Fighting,
VII,740,Crabominable,Fighting,Ice
VII,741,Oricorio,,Flying
VII,742,Cutiefly,Bug,Fairy
VII,743,Ribombee,Bug,Fairy
VII,744,Rockruff,Rock,
VII,745,Lycanroc,Rock,
VII,746,Wishiwashi,Water,
VII,747,Mareanie,Poison,Water
VII,748,Toxapex,Poison,Water
VII,749,Mudbray,Ground,
VII,750,Mudsdale,Ground,
VII,751,Dewpider,Water,Bug
VII,752,Araquanid,Water,Bug
VII,753,Fomantis,Grass,
VII,754,Lurantis,Grass,
VII,755,Morelull,Grass,Fairy
VII,756,Shiinotic,Grass,Fairy
VII,757,Salandit,Poison,Fire
VII,758,Salazzle,Poison,Fire
VII,759,Stufful,Normal,Fighting
VII,760,Bewear,Normal,Fighting
VII,761,Bounsweet,Grass,
VII,762,Steenee,Grass,
VII,763,Tsareena,Grass,
VII,764,Comfey,Fairy,
VII,765,Oranguru,Normal,Psychic
VII,766,Passimian,Fighting,
VII,767,Wimpod,Bug,Water
VII,768,Golisopod,Bug,Water
VII,769,Sandygast,Ghost,Ground
VII,770,Palossand,Ghost,Ground
VII,771,Pyukumuku,Water,
VII,772,Type: Null,Normal,
VII,773,Silvally,Normal,
VII,774,Minior,Rock,Flying
VII,775,Komala,Normal,
VII,776,Turtonator,Fire,Dragon
VII,777,Togedemaru,Electric,Steel
VII,778,Mimikyu,Ghost,Fairy
VII,779,Bruxish,Water,Psychic
VII,780,Drampa,Normal,Dragon
VII,781,Dhelmise,Ghost,Grass
VII,782,Jangmo-o,Dragon,
VII,783,Hakamo-o,Dragon,Fighting
VII,784,Kommo-o,Dragon,Fighting
VII,785,Tapu Koko,Electric,Fairy
VII,786,Tapu Lele,Psychic,Fairy
VII,787,Tapu Bulu,Grass,Fairy
VII,788,Tapu Fini,Water,Fairy
VII,789,Cosmog,Psychic,
VII,790,Cosmoem,Psychic,
VII,791,Solgaleo,Psychic,Steel
VII,792,Lunala,Psychic,Ghost
VII,793,Nihilego,Rock,Poison
VII,794,Buzzwole,Bug,Fighting
VII,795,Pheromosa,Bug,Fighting
VII,796,Xurkitree,Electric,
VII,797,Celesteela,Steel,Flying
VII,798,Kartana,Grass,Steel
VII,799,Guzzlord,Dark,Dragon
VII,800,Necrozma,Psychic,
VII,801,Magearna,Steel,Fairy
VII,802,Marshadow,Fighting,Ghost
VII,803,Poipole,Poison,
VII,804,Naganadel,Poison,Dragon
VII,805,Stakataka,Rock,Steel
VII,806,Blacephalon,Fire,Ghost
VII,807,Zeraora,Electric,
VII,808,Meltan,Steel,
VII,809,Melmetal,Steel,
VIII,810,Grookey,Grass,
VIII,811,Thwackey,Grass,
VIII,812,Rillaboom,Grass,
VIII,813,Scorbunny,Fire,
VIII,814,Raboot,Fire,
VIII,815,Cinderace,Fire,
VIII,816,Sobble,Water,
VIII,817,Drizzile,Water,
VIII,818,Inteleon,Water,
VIII,819,Skwovet,Normal,
VIII,820,Greedent,Normal,
VIII,821,Rookidee,Flying,
VIII,822,Corvisquire,Flying,
VIII,823,Corviknight,Flying,Steel
VIII,824,Blipbug,Bug,
VIII,825,Dottler,Bug,Psychic
VIII,826,Orbeetle,Bug,Psychic
VIII,827,Nickit,Dark,
VIII,828,Thievul,Dark,
VIII,829,Gossifleur,Grass,
VIII,830,Eldegoss,Grass,
VIII,831,Wooloo,Normal,
VIII,832,Dubwool,Normal,
VIII,833,Chewtle,Water,
VIII,834,Drednaw,Water,Rock
VIII,835,Yamper,Electric,
VIII,836,Boltund,Electric,
VIII,837,Rolycoly,Rock,
VIII,838,Carkol,Rock,Fire
VIII,839,Coalossal,Rock,Fire
VIII,840,Applin,Grass,Dragon
VIII,841,Flapple,Grass,Dragon
VIII,842,Appletun,Grass,Dragon
VIII,843,Silicobra,Ground,
VIII,844,Sandaconda,Ground,
VIII,845,Cramorant,Flying,Water
VIII,846,Arrokuda,Water,
VIII,847,Barraskewda,Water,
VIII,848,Toxel,Electric,Poison
VIII,849,Toxtricity,Electric,Poison
VIII,850,Sizzlipede,Fire,Bug
VIII,851,Centiskorch,Fire,Bug
VIII,852,Clobbopus,Fighting,
VIII,853,Grapploct,Fighting,
VIII,854,Sinistea,Ghost,
VIII,855,Polteageist,Ghost,
VIII,856,Hatenna,Psychic,
VIII,857,Hattrem,Psychic,
VIII,858,Hatterene,Psychic,Fairy
VIII,859,Impidimp,Dark,Fairy
VIII,860,Morgrem,Dark,Fairy
VIII,861,Grimmsnarl,Dark,Fairy
VIII,862,Obstagoon,Dark,Normal
VIII,863,Perrserker,Steel,
VIII,864,Cursola,Ghost,
VIII,865,Sirfetch'd,Fighting,
VIII,866,Mr. Rime,Ice,Psychic
VIII,867,Runerigus,Ground,Ghost
VIII,868,Milcery,Fairy,
VIII,869,Alcremie,Fairy,
VIII,870,Falinks,Fighting,
VIII,871,Pincurchin,Electric,
VIII,872,Snom,Ice,Bug
VIII,873,Frosmoth,Ice,Bug
VIII,874,Stonjourner,Rock,
VIII,875,Eiscue,Ice,
VIII,876,Indeedee,Psychic,Normal
VIII,877,Morpeko,Electric,Dark
VIII,878,Cufant,Steel,
VIII,879,Copperajah,Steel,
VIII,880,Dracozolt,Electric,Dragon
VIII,881,Arctozolt,Electric,Ice
VIII,882,Dracovish,Water,Dragon
VIII,883,Arctovish,Water,Ice
VIII,884,Duraludon,Steel,Dragon
VIII,885,Dreepy,Dragon,Ghost
VIII,886,Drakloak,Dragon,Ghost
VIII,887,Dragapult,Dragon,Ghost
VIII,888,Zacian,Fairy,Steel
VIII,889,Zamazenta,Fighting,Steel
VIII,890,Eternatus,Poison,Dragon
VIII,891,Kubfu,Fighting,
VIII,892,Urshifu,Fighting,Dark
VIII,893,Zarude,Dark,Grass
VIII,894,Regieleki,Electric,
VIII,895,Regidrago,Dragon,
VIII,896,Glastrier,Ice,
VIII,897,Spectrier,Ghost,
VIII,898,Calyrex,Psychic,Grass
VIII,899,Wyrdeer,Normal,Psychic
VIII,900,Kleavor,Bug,Rock
VIII,901,Ursaluna,Ground,Normal
VIII,902,Basculegion,water,Ghost
VIII,903,Sneasler,Fighting,Poison
VIII,904,Overqwil,Dark,Poison
VIII,905,Enamorus,Fairy,Flying
IX,906,Sprigatito,Grass,
IX,907,Floragato,Grass,
IX,908,Meowscarada,Grass,Dark
IX,909,Fuecoco,Fire,
IX,910,Crocalor,Fire,
IX,911,Skeledirge,Fire,Ghost
IX,912,Quaxly,Water,
IX,913,Quaxwell,Water,
IX,914,Quaquaval,Water,Fighting
IX,915,Lechonk,Normal,
IX,916,Oinkologne,Normal,
IX,917,Tarountula,Bug,
IX,918,Spidops,Bug,
IX,919,Nymble,Bug,
IX,920,Lokix,Bug,Dark
IX,921,Pawmi,Electric,
IX,922,Pawmo,Electric,Fighting
IX,923,Pawmot,Electric,Fighting
IX,924,Tandemaus,Normal,
IX,925,Maushold,Normal,
IX,926,Fidough,Fairy,
IX,927,Dachsbun,Fairy,
IX,928,Smoliv,Grass,Normal
IX,929,Dolliv,Grass,Normal
IX,930,Arboliva,Grass,Normal
IX,931,Squawkabilly,Normal,Flying
IX,932,Nacli,Rock,
IX,933,Naclstack,Rock,
IX,934,Garganacl,Rock,
IX,935,Charcadet,Fire,
IX,936,Armarouge,Fire,Psychic
IX,937,Ceruledge,Fire,Ghost
IX,938,Tadbulb,Electric,
IX,939,Bellibolt,Electric,
IX,940,Wattrel,Electric,Flying
IX,941,Kilowattrel,Electric,Flying
IX,942,Maschiff,Dark,
IX,943,Mabosstiff,Dark,
IX,944,Shroodle,Poison,Normal
IX,945,Grafaiai,Poison,Normal
IX,946,Bramblin,Grass,Ghost
IX,947,Brambleghast,Grass,Ghost
IX,948,Toedscool,Ground,Grass
IX,949,Toedscruel,Ground,Grass
IX,950,Klawf,Rock,
IX,951,Capsakid,Grass,
IX,952,Scovillain,Grass,Fire
IX,953,Rellor,Bug,
IX,954,Rabsca,Bug,Psychic
IX,955,Flittle,Psychic,
IX,956,Espathra,Psychic,
IX,957,Tinkatink,Fairy,Steel
IX,958,Tinkatuff,Fairy,Steel
IX,959,Tinkaton,Fairy,Steel
IX,960,Wiglett,Water,
IX,961,Wugtrio,Water,
IX,962,Bombirdier,Flying,Dark
IX,963,Finizen,Water,
IX,964,Palafin,Water,
IX,965,Varoom,Steel,Poison
IX,966,Revavroom,Steel,Poison
IX,967,Cyclizar,Dragon,Normal
IX,968,Orthworm,Steel,
IX,969,Glimmet,Rock,Poison
IX,970,Glimmora,Rock,Poison
IX,971,Greavard,Ghost,
IX,972,Houndstone,Ghost,
IX,973,Flamigo,Flying,Fighting
IX,974,Cetoddle,Ice,
IX,975,Cetitan,Ice,
IX,976,Veluza,Water,Psychic
IX,977,Dondozo,Water,
IX,978,Tatsugiri,Dragon,Water
IX,979,Annihilape,Fighting,Ghost
IX,980,Clodsire,Poison,Ground
IX,981,Farigiraf,Normal,Psychic
IX,982,Dudunsparce,Normal,
IX,983,Kingambit,Dark,Steel
IX,984,Great Tusk,Ground,Fighting
IX,985,Scream Tail,Fairy,Psychic
IX,986,Brute Bonnet,Grass,Dark
IX,987,Flutter Mane,Ghost,Fairy
IX,988,Slither Wing,Bug,Fighting
IX,989,Sandy Shocks,Electric,Ground
IX,990,Iron Treads,Ground,Steel
IX,991,Iron Bundle,Ice,Water
IX,992,Iron Hands,Fighting,Electric
IX,993,Iron Jugulis,Dark,Flying
IX,994,Iron Moth,Fire,Poison
IX,995,Iron Thorns,Rock,Electric
IX,996,Frigibax,Dragon,Ice
IX,997,Arctibax,Dragon,Ice
IX,998,Baxcalibur,Dragon,Ice
IX,999,Gimmighoul,Ghost,
IX,1000,Gholdengo,Steel,Ghost
IX,1001,Wo-Chien,Dark,Grass
IX,1002,Chien-Pao,Dark,Ice
IX,1003,Ting-Lu,Dark,Ground
IX,1004,Chi-Yu,Dark,Fire
IX,1005,Roaring Moon,Dragon,Dark
IX,1006,Iron Valiant,Fairy,Fighting
IX,1007,Koraidon,Fighting,Dragon
IX,1008,Miraidon,Electric,Dragon
IX,1009,Walking Wake,Water,Dragon
IX,1010,Iron Leaves,Grass,Psychic
IX,1011,Dipplin,Grass,Dragon
IX,1012,Poltchageist,Grass,Ghost
IX,1013,Sinistcha,Grass,Ghost
IX,1014,Okidogi,Poison,Fighting
IX,1015,Munkidori,Poison,Psychic
IX,1016,Fezandipiti,Poison,Fairy
IX,1017,Ogerpon,Grass,
IX,0,Archaludon,Steel,Dragon
IX,0,Raging Bolt,Electric,Dragon
IX,0,Iron Crown,Steel,Psychic
IX,0,Terapagos,Unknown,